qid,docno,score,rank
0,5070,0.5181878209114075,1
0,2922,0.47486501932144165,2
0,2856,0.4570629298686981,3
0,5011,0.4528212547302246,4
0,4409,0.4513901472091675,5
0,5018,0.451132595539093,6
0,4753,0.44788074493408203,7
0,3847,0.4414404034614563,8
0,5073,0.4382820129394531,9
0,2855,0.42435115575790405,10
0,4408,0.4218657612800598,11
0,4407,0.4198989272117615,12
0,3153,0.41724035143852234,13
0,2882,0.41539204120635986,14
0,2878,0.4140043258666992,15
0,3849,0.413516104221344,16
0,2835,0.41349056363105774,17
0,5430,0.4113442301750183,18
0,5077,0.4112049341201782,19
0,3850,0.40906795859336853,20
0,3157,0.407658189535141,21
0,2861,0.4034704566001892,22
0,5079,0.39787179231643677,23
0,4434,0.3965371251106262,24
0,4260,0.39540132880210876,25
0,3851,0.3944036364555359,26
0,3089,0.3905751705169678,27
0,3848,0.3899820148944855,28
0,5064,0.3890933692455292,29
0,4263,0.3869374096393585,30
0,5035,0.377863347530365,31
0,5075,0.3772408962249756,32
0,4957,0.376431941986084,33
0,5101,0.36812618374824524,34
0,5427,0.3680073618888855,35
0,5043,0.36763548851013184,36
0,5005,0.36686623096466064,37
0,2858,0.36629533767700195,38
0,5076,0.3650381565093994,39
0,4750,0.3608999252319336,40
0,3162,0.3587566614151001,41
0,2879,0.3565426766872406,42
0,5002,0.3469972014427185,43
0,3766,0.3468557596206665,44
0,5072,0.3467080295085907,45
0,5020,0.34629184007644653,46
0,4410,0.34244009852409363,47
0,5434,0.3418639004230499,48
0,5102,0.3404821753501892,49
0,5099,0.34032583236694336,50
0,4756,0.3393195569515228,51
0,5105,0.3393080234527588,52
0,2875,0.33870160579681396,53
0,3768,0.3380936086177826,54
0,2921,0.33680620789527893,55
0,5106,0.33573776483535767,56
0,5009,0.33560141921043396,57
0,5165,0.3337102234363556,58
0,5061,0.3309677243232727,59
0,5012,0.32960331439971924,60
0,5080,0.328050434589386,61
0,3088,0.32597821950912476,62
0,5100,0.3226410150527954,63
0,5494,0.32240790128707886,64
0,3069,0.3203029930591583,65
0,5097,0.3202529549598694,66
0,4571,0.3179100751876831,67
0,5015,0.31596168875694275,68
0,4261,0.31461408734321594,69
0,3405,0.31151479482650757,70
0,4757,0.31114983558654785,71
0,3087,0.31012776494026184,72
0,5007,0.3099992871284485,73
0,2881,0.30976876616477966,74
0,5098,0.3096993565559387,75
0,5517,0.3096468150615692,76
0,4762,0.30914050340652466,77
0,4819,0.3083508312702179,78
0,3091,0.30789899826049805,79
0,5103,0.30787375569343567,80
0,5066,0.3068927824497223,81
0,5157,0.30618801712989807,82
0,5112,0.3059818744659424,83
0,3846,0.30569255352020264,84
0,2857,0.3051612377166748,85
0,2919,0.30485668778419495,86
0,2832,0.3046445846557617,87
0,5104,0.3035534918308258,88
0,3800,0.3028949499130249,89
0,5034,0.3018534481525421,90
0,3629,0.29970961809158325,91
0,4952,0.2993190288543701,92
0,5193,0.299055278301239,93
0,3092,0.2983698844909668,94
0,4647,0.2948313057422638,95
0,3232,0.2947120666503906,96
0,3085,0.29293450713157654,97
0,4565,0.28969401121139526,98
0,5431,0.28911709785461426,99
0,4955,0.2888208031654358,100
1,4652,0.5289400815963745,1
1,5387,0.5213286876678467,2
1,3008,0.49098169803619385,3
1,5427,0.49091941118240356,4
1,4304,0.48252439498901367,5
1,4688,0.4810257852077484,6
1,5389,0.4795265197753906,7
1,4694,0.47574320435523987,8
1,5435,0.47481152415275574,9
1,5388,0.4685577154159546,10
1,5100,0.4640769362449646,11
1,4305,0.46396803855895996,12
1,5096,0.45706796646118164,13
1,4640,0.45553088188171387,14
1,3007,0.4535667896270752,15
1,2860,0.45321452617645264,16
1,4690,0.447998970746994,17
1,5105,0.44774842262268066,18
1,4306,0.4445233643054962,19
1,4696,0.44420480728149414,20
1,4697,0.4441973567008972,21
1,4267,0.44224652647972107,22
1,5438,0.44061726331710815,23
1,5439,0.4386962056159973,24
1,5433,0.4327917993068695,25
1,4262,0.4320143461227417,26
1,4643,0.42889970541000366,27
1,4266,0.4282527267932892,28
1,4258,0.4281434416770935,29
1,4791,0.4242481589317322,30
1,5429,0.42341697216033936,31
1,5431,0.42336809635162354,32
1,3005,0.4204859137535095,33
1,3010,0.42045077681541443,34
1,4641,0.41915491223335266,35
1,5099,0.41763168573379517,36
1,4301,0.41686978936195374,37
1,4261,0.41672495007514954,38
1,5440,0.4165555536746979,39
1,5436,0.41645780205726624,40
1,4648,0.41425302624702454,41
1,4687,0.4133378565311432,42
1,4645,0.41282421350479126,43
1,3199,0.4119260311126709,44
1,2859,0.4109562933444977,45
1,2820,0.4087899625301361,46
1,5101,0.4079037606716156,47
1,4873,0.4069126546382904,48
1,4646,0.4060186743736267,49
1,4303,0.4047543406486511,50
1,5381,0.40426239371299744,51
1,4684,0.4030416011810303,52
1,4685,0.4023283123970032,53
1,4269,0.40185943245887756,54
1,5430,0.40185457468032837,55
1,4650,0.3977094888687134,56
1,2822,0.39519202709198,57
1,4296,0.3947071433067322,58
1,2905,0.39378464221954346,59
1,5104,0.3927591145038605,60
1,4384,0.39119720458984375,61
1,4299,0.3909567892551422,62
1,5386,0.3896167576313019,63
1,4257,0.38912737369537354,64
1,4292,0.3888089954853058,65
1,3637,0.3887680470943451,66
1,5437,0.3884234130382538,67
1,4651,0.388265997171402,68
1,4700,0.3882516622543335,69
1,5432,0.38514888286590576,70
1,2899,0.3847346305847168,71
1,5442,0.3844301104545593,72
1,3006,0.3844071626663208,73
1,2910,0.3842815160751343,74
1,5434,0.383600115776062,75
1,4294,0.3816440999507904,76
1,4859,0.37919554114341736,77
1,4693,0.37905436754226685,78
1,5444,0.3790094256401062,79
1,4185,0.3780274987220764,80
1,3011,0.37635546922683716,81
1,4644,0.3761814832687378,82
1,4647,0.3750607371330261,83
1,4178,0.37371164560317993,84
1,4297,0.3733237385749817,85
1,5621,0.3728448152542114,86
1,3003,0.3728075921535492,87
1,4701,0.3724054992198944,88
1,3525,0.3695753216743469,89
1,3324,0.36925074458122253,90
1,4182,0.3688901662826538,91
1,4186,0.3684406876564026,92
1,4121,0.3677971363067627,93
1,5098,0.36689770221710205,94
1,4298,0.3665390908718109,95
1,4649,0.3662204146385193,96
1,3911,0.365945041179657,97
1,2907,0.36482977867126465,98
1,5428,0.3647456169128418,99
1,5368,0.364665687084198,100
2,3844,0.5855506062507629,1
2,5393,0.5272531509399414,2
2,5503,0.5243445634841919,3
2,5504,0.5191158652305603,4
2,5511,0.5188036561012268,5
2,4673,0.5119500160217285,6
2,5510,0.4937806725502014,7
2,5329,0.49144822359085083,8
2,3572,0.4910363256931305,9
2,3549,0.4809933006763458,10
2,5398,0.48070797324180603,11
2,4592,0.47985780239105225,12
2,4461,0.47646740078926086,13
2,4376,0.47448113560676575,14
2,3570,0.47396934032440186,15
2,5392,0.47302234172821045,16
2,4271,0.4722703695297241,17
2,3148,0.4720693826675415,18
2,3533,0.47075289487838745,19
2,5516,0.46921077370643616,20
2,5513,0.46744394302368164,21
2,4462,0.46574220061302185,22
2,4680,0.4593733549118042,23
2,4591,0.4568556547164917,24
2,4682,0.45466816425323486,25
2,4675,0.45419755578041077,26
2,4679,0.4535387456417084,27
2,5605,0.4524514675140381,28
2,5198,0.4500161111354828,29
2,3722,0.44962814450263977,30
2,3067,0.4494081437587738,31
2,5585,0.44802126288414,32
2,4510,0.444819837808609,33
2,5512,0.44359564781188965,34
2,5599,0.44204986095428467,35
2,3146,0.4415765106678009,36
2,5514,0.4409041404724121,37
2,4586,0.4397510588169098,38
2,5505,0.4352039098739624,39
2,4589,0.4342217743396759,40
2,4389,0.4337916970252991,41
2,3592,0.43341732025146484,42
2,4588,0.4330850839614868,43
2,5271,0.4324881136417389,44
2,4674,0.43157702684402466,45
2,5596,0.43136709928512573,46
2,3558,0.43100088834762573,47
2,5273,0.4295600354671478,48
2,5611,0.4290434718132019,49
2,5204,0.4284615218639374,50
2,3536,0.4257979691028595,51
2,3839,0.42524605989456177,52
2,4400,0.42517566680908203,53
2,5291,0.4247429370880127,54
2,3775,0.42455631494522095,55
2,3596,0.42434483766555786,56
2,3147,0.42377421259880066,57
2,2898,0.4236098527908325,58
2,5081,0.4235738515853882,59
2,5506,0.41970646381378174,60
2,3548,0.41887328028678894,61
2,5391,0.4170330762863159,62
2,4081,0.41657373309135437,63
2,3070,0.41651445627212524,64
2,5300,0.41554856300354004,65
2,5584,0.4146271347999573,66
2,3836,0.41459858417510986,67
2,4590,0.41455861926078796,68
2,2895,0.4144706726074219,69
2,4082,0.41430118680000305,70
2,5601,0.413339763879776,71
2,3554,0.41241976618766785,72
2,5581,0.4121120274066925,73
2,4681,0.41174185276031494,74
2,3379,0.4102676510810852,75
2,5517,0.41006994247436523,76
2,4318,0.40948694944381714,77
2,3845,0.4082517623901367,78
2,3534,0.4051209092140198,79
2,5593,0.4044366776943207,80
2,3841,0.40087929368019104,81
2,3545,0.4006362855434418,82
2,5602,0.40026262402534485,83
2,2850,0.3993850350379944,84
2,5331,0.3992339074611664,85
2,4388,0.3978627920150757,86
2,5600,0.3972088694572449,87
2,5082,0.3967324495315552,88
2,4403,0.3961625397205353,89
2,3782,0.3960515260696411,90
2,3765,0.3958437740802765,91
2,4676,0.39572572708129883,92
2,3780,0.3953704833984375,93
2,5301,0.39495623111724854,94
2,5610,0.3932482898235321,95
2,5594,0.39299875497817993,96
2,4505,0.39185336232185364,97
2,4365,0.39163100719451904,98
2,4398,0.39155131578445435,99
2,3563,0.3914606273174286,100
3,2955,0.35831594467163086,1
3,3146,0.35065096616744995,2
3,2911,0.3482040762901306,3
3,3759,0.3365960717201233,4
3,3743,0.3257307708263397,5
3,3534,0.317964643239975,6
3,3148,0.31458237767219543,7
3,5307,0.3141321539878845,8
3,3385,0.31296777725219727,9
3,4919,0.3094271421432495,10
3,5525,0.30098772048950195,11
3,4274,0.29717549681663513,12
3,5607,0.2947441041469574,13
3,4136,0.2943716049194336,14
3,4836,0.2926577925682068,15
3,5424,0.29127421975135803,16
3,2974,0.2909344434738159,17
3,4132,0.2908781170845032,18
3,3376,0.2855677008628845,19
3,5532,0.2832515239715576,20
3,5279,0.28319716453552246,21
3,2913,0.2826361656188965,22
3,5363,0.28208523988723755,23
3,4095,0.2802029252052307,24
3,5228,0.2786976397037506,25
3,5147,0.277752161026001,26
3,3533,0.27703285217285156,27
3,5421,0.2736228108406067,28
3,5332,0.27253100275993347,29
3,5225,0.2720145583152771,30
3,4497,0.2714659571647644,31
3,5536,0.27134642004966736,32
3,3141,0.2708449959754944,33
3,4463,0.2701815068721771,34
3,2980,0.26949775218963623,35
3,3386,0.26920539140701294,36
3,3730,0.26893582940101624,37
3,3747,0.2663208246231079,38
3,4287,0.26571735739707947,39
3,4564,0.2652527689933777,40
3,4598,0.26472294330596924,41
3,4320,0.2637332081794739,42
3,5393,0.26305073499679565,43
3,4137,0.2629423141479492,44
3,3051,0.2628248333930969,45
3,5229,0.26182976365089417,46
3,3586,0.2617231011390686,47
3,3097,0.26147326827049255,48
3,5605,0.2606685161590576,49
3,3191,0.26062342524528503,50
3,3726,0.2577022910118103,51
3,3545,0.2576199769973755,52
3,4589,0.2572312355041504,53
3,3752,0.2566739618778229,54
3,3379,0.255664199590683,55
3,3541,0.2554815411567688,56
3,3378,0.2547793388366699,57
3,4133,0.2542068064212799,58
3,2965,0.2521459460258484,59
3,3760,0.2520799934864044,60
3,3023,0.2518969774246216,61
3,3778,0.25088202953338623,62
3,4673,0.2497510015964508,63
3,4323,0.24974101781845093,64
3,3735,0.2497284859418869,65
3,5604,0.24896633625030518,66
3,3380,0.2481347620487213,67
3,3740,0.24736656248569489,68
3,3843,0.24707794189453125,69
3,3537,0.2465306520462036,70
3,2912,0.24594835937023163,71
3,4282,0.2459469586610794,72
3,4510,0.2458859086036682,73
3,3762,0.24538910388946533,74
3,4599,0.24515175819396973,75
3,3559,0.24470773339271545,76
3,2850,0.24325856566429138,77
3,4134,0.24246720969676971,78
3,2956,0.24242809414863586,79
3,3377,0.24223479628562927,80
3,3775,0.24222677946090698,81
3,3718,0.24213987588882446,82
3,4920,0.24173858761787415,83
3,5230,0.24133563041687012,84
3,3576,0.24132971465587616,85
3,5145,0.24126474559307098,86
3,4389,0.24112457036972046,87
3,4508,0.2405773550271988,88
3,5306,0.2405112385749817,89
3,5329,0.24017897248268127,90
3,5398,0.24015939235687256,91
3,3546,0.2399696409702301,92
3,2962,0.23991571366786957,93
3,3147,0.23907962441444397,94
3,4271,0.23833520710468292,95
3,5426,0.2379826158285141,96
3,3198,0.2379114329814911,97
3,5331,0.23754261434078217,98
3,4925,0.2374337762594223,99
3,4951,0.2372560203075409,100
4,4673,0.6783115863800049,1
4,5585,0.6514660716056824,2
4,4376,0.6421765089035034,3
4,5581,0.6380042433738708,4
4,4675,0.6350893974304199,5
4,5363,0.6305946707725525,6
4,4271,0.6208940744400024,7
4,5587,0.6200931072235107,8
4,4570,0.6166971325874329,9
4,4682,0.6118698120117188,10
4,5291,0.6099998354911804,11
4,4365,0.6070001721382141,12
4,5300,0.5982058048248291,13
4,3549,0.5917630791664124,14
4,5504,0.5898538827896118,15
4,5584,0.5898184776306152,16
4,3570,0.5843073725700378,17
4,5391,0.5831038355827332,18
4,4389,0.58272385597229,19
4,4592,0.5818970203399658,20
4,4901,0.5793198347091675,21
4,5582,0.5789365768432617,22
4,4591,0.5768862962722778,23
4,4081,0.5741835236549377,24
4,2952,0.572485089302063,25
4,3409,0.5724085569381714,26
4,4952,0.5702536106109619,27
4,5503,0.5693998336791992,28
4,5081,0.5690495371818542,29
4,5273,0.5689014792442322,30
4,5605,0.5673455595970154,31
4,5510,0.5646899938583374,32
4,5397,0.564186155796051,33
4,5474,0.5571846961975098,34
4,4564,0.5558669567108154,35
4,5160,0.5546127557754517,36
4,4019,0.5541306734085083,37
4,4374,0.5541003346443176,38
4,4318,0.5540855526924133,39
4,4420,0.5536835789680481,40
4,5508,0.551863431930542,41
4,5157,0.551666796207428,42
4,5591,0.550358772277832,43
4,5346,0.5492743253707886,44
4,4937,0.5491029024124146,45
4,4680,0.548005998134613,46
4,5588,0.5465788841247559,47
4,3412,0.5460108518600464,48
4,5271,0.5458405613899231,49
4,4586,0.5445479154586792,50
4,5274,0.5424903631210327,51
4,3533,0.5404579639434814,52
4,3593,0.540329098701477,53
4,3758,0.5400413274765015,54
4,5292,0.5390878319740295,55
4,3061,0.5387902855873108,56
4,5513,0.5386808514595032,57
4,4375,0.5386475324630737,58
4,3067,0.5369217395782471,59
4,5343,0.53666090965271,60
4,4106,0.5349598526954651,61
4,5511,0.5345004796981812,62
4,5082,0.534494161605835,63
4,4895,0.5341552495956421,64
4,2980,0.5339421033859253,65
4,3148,0.5320302248001099,66
4,4461,0.5311920642852783,67
4,3688,0.5311338901519775,68
4,4390,0.5302890539169312,69
4,4677,0.529129147529602,70
4,5393,0.5270459651947021,71
4,5505,0.526665210723877,72
4,5578,0.526592493057251,73
4,5399,0.5260956287384033,74
4,3554,0.5235300064086914,75
4,3020,0.5231871604919434,76
4,4359,0.5223976373672485,77
4,4367,0.5214505791664124,78
4,4679,0.5209915637969971,79
4,5309,0.519153356552124,80
4,5602,0.5189709663391113,81
4,2974,0.5183993577957153,82
4,5293,0.5181140899658203,83
4,4100,0.517693281173706,84
4,5215,0.5174176692962646,85
4,3572,0.5173623561859131,86
4,4377,0.5172601342201233,87
4,5611,0.5170535445213318,88
4,3791,0.5162514448165894,89
4,3184,0.515504002571106,90
4,5335,0.5150670409202576,91
4,3094,0.5145919322967529,92
4,3548,0.5144648551940918,93
4,5087,0.5140358209609985,94
4,4832,0.5125350952148438,95
4,2867,0.5124015212059021,96
4,3564,0.5121046304702759,97
4,5592,0.5118184089660645,98
4,5536,0.5110615491867065,99
4,4939,0.5104745030403137,100
5,3829,0.6442204117774963,1
5,3272,0.4627372920513153,2
5,3278,0.4462067186832428,3
5,3274,0.44128620624542236,4
5,3372,0.4291079044342041,5
5,3264,0.40487176179885864,6
5,3262,0.39066389203071594,7
5,3015,0.3721211850643158,8
5,3371,0.35969334840774536,9
5,4543,0.3595106601715088,10
5,5242,0.35084068775177,11
5,3115,0.34907791018486023,12
5,3118,0.3470979332923889,13
5,3628,0.34615853428840637,14
5,4546,0.33563560247421265,15
5,3981,0.3332591950893402,16
5,3319,0.3265959918498993,17
5,5116,0.32483530044555664,18
5,3906,0.32219886779785156,19
5,4547,0.31978610157966614,20
5,4522,0.3187934160232544,21
5,5117,0.3148285150527954,22
5,3625,0.31040722131729126,23
5,3681,0.3095701038837433,24
5,3888,0.30674731731414795,25
5,3266,0.30638352036476135,26
5,3997,0.2990071475505829,27
5,3835,0.2972819209098816,28
5,5210,0.2948097586631775,29
5,3138,0.29309073090553284,30
5,3512,0.29156798124313354,31
5,5324,0.29003942012786865,32
5,2885,0.28951138257980347,33
5,3885,0.28807616233825684,34
5,3017,0.28473636507987976,35
5,3705,0.2832324206829071,36
5,3270,0.28181663155555725,37
5,3265,0.2803880572319031,38
5,3819,0.27992504835128784,39
5,3815,0.27899301052093506,40
5,5279,0.2786097228527069,41
5,5240,0.2782982289791107,42
5,3013,0.2768480181694031,43
5,4552,0.27551108598709106,44
5,4891,0.2740847170352936,45
5,3621,0.2734020948410034,46
5,4518,0.272961288690567,47
5,5536,0.272378146648407,48
5,3060,0.2720124423503876,49
5,4637,0.271854043006897,50
5,5244,0.27101847529411316,51
5,2955,0.2703242897987366,52
5,4320,0.2682688236236572,53
5,3893,0.2679864168167114,54
5,3814,0.26670771837234497,55
5,4012,0.2663365602493286,56
5,4585,0.265240341424942,57
5,3939,0.26491719484329224,58
5,5413,0.26461613178253174,59
5,3129,0.2645683288574219,60
5,3268,0.2640705108642578,61
5,5120,0.2640226483345032,62
5,5331,0.2631361484527588,63
5,5058,0.2617347538471222,64
5,4220,0.2610253095626831,65
5,5276,0.26080164313316345,66
5,4577,0.26069068908691406,67
5,4592,0.25938642024993896,68
5,3800,0.25931516289711,69
5,3106,0.2588587701320648,70
5,3899,0.2588431239128113,71
5,3921,0.25703588128089905,72
5,3379,0.2566501498222351,73
5,5026,0.25662505626678467,74
5,3401,0.2562781274318695,75
5,4981,0.25575047731399536,76
5,3146,0.255450963973999,77
5,2911,0.25526607036590576,78
5,4009,0.25510767102241516,79
5,3110,0.2548542022705078,80
5,3674,0.2535771131515503,81
5,5584,0.25357112288475037,82
5,4912,0.2525941729545593,83
5,3954,0.2522791922092438,84
5,3112,0.2517191171646118,85
5,3121,0.2513338327407837,86
5,4176,0.25055521726608276,87
5,5231,0.2505030035972595,88
5,3148,0.2503123879432678,89
5,4272,0.2499832659959793,90
5,5033,0.24897843599319458,91
5,3808,0.2489541471004486,92
5,3141,0.24889591336250305,93
5,4793,0.2487533688545227,94
5,5330,0.24841342866420746,95
5,4885,0.2483321875333786,96
5,4578,0.24826586246490479,97
5,3328,0.2480638027191162,98
5,3692,0.2474864423274994,99
5,3131,0.24746835231781006,100
6,3512,0.4237687587738037,1
6,4739,0.41677170991897583,2
6,3833,0.3672713041305542,3
6,3827,0.3407212793827057,4
6,5337,0.32318711280822754,5
6,5108,0.31116417050361633,6
6,5275,0.30761247873306274,7
6,4404,0.30287647247314453,8
6,4357,0.30137038230895996,9
6,2908,0.29416516423225403,10
6,2871,0.28303641080856323,11
6,5172,0.2820064425468445,12
6,3528,0.2805277705192566,13
6,3800,0.279147207736969,14
6,2859,0.2746873199939728,15
6,3516,0.27381929755210876,16
6,4543,0.27088096737861633,17
6,2927,0.27080729603767395,18
6,2879,0.27047356963157654,19
6,3938,0.270227313041687,20
6,4951,0.2698249816894531,21
6,5098,0.2690112292766571,22
6,5283,0.2677213251590729,23
6,2880,0.2669704854488373,24
6,4593,0.2657378911972046,25
6,3922,0.2654266655445099,26
6,2881,0.2651001214981079,27
6,3828,0.2648535966873169,28
6,3705,0.26452723145484924,29
6,5114,0.2630372643470764,30
6,3702,0.26170843839645386,31
6,4434,0.2608092725276947,32
6,5100,0.26067739725112915,33
6,3950,0.25780877470970154,34
6,4193,0.25762319564819336,35
6,5101,0.2573571801185608,36
6,2882,0.2561357915401459,37
6,4011,0.25584524869918823,38
6,3327,0.2557612955570221,39
6,3815,0.2551548480987549,40
6,4643,0.2532302737236023,41
6,3557,0.25084537267684937,42
6,5174,0.250560462474823,43
6,4577,0.25020527839660645,44
6,4043,0.2491198480129242,45
6,2855,0.24513816833496094,46
6,4811,0.24357233941555023,47
6,4479,0.24336713552474976,48
6,4252,0.2422686219215393,49
6,3698,0.241775780916214,50
6,3522,0.24176983535289764,51
6,4008,0.2404673993587494,52
6,3953,0.2401149421930313,53
6,4203,0.23893876373767853,54
6,5110,0.23842968046665192,55
6,5287,0.23764660954475403,56
6,3388,0.2375602424144745,57
6,4016,0.2373926043510437,58
6,4578,0.2372584342956543,59
6,2861,0.23646238446235657,60
6,3083,0.2350119948387146,61
6,3765,0.23493963479995728,62
6,4041,0.2348226010799408,63
6,3685,0.23479332029819489,64
6,3517,0.2345564067363739,65
6,3982,0.23415589332580566,66
6,3375,0.23251613974571228,67
6,3625,0.23246201872825623,68
6,3034,0.23052361607551575,69
6,3996,0.23031915724277496,70
6,4746,0.22936776280403137,71
6,5413,0.22771871089935303,72
6,5109,0.22610288858413696,73
6,5243,0.2256745994091034,74
6,3887,0.22529762983322144,75
6,3623,0.2251947522163391,76
6,3802,0.2245107889175415,77
6,3829,0.22427472472190857,78
6,3801,0.22413772344589233,79
6,3273,0.22394731640815735,80
6,5105,0.22390523552894592,81
6,4647,0.223220095038414,82
6,4887,0.222375750541687,83
6,5237,0.22102993726730347,84
6,5096,0.2207917422056198,85
6,5104,0.22015896439552307,86
6,5245,0.21922478079795837,87
6,4210,0.21800614893436432,88
6,4814,0.21783824265003204,89
6,4079,0.2173817902803421,90
6,3074,0.21668310463428497,91
6,3521,0.21653640270233154,92
6,4310,0.21638402342796326,93
6,4672,0.21617326140403748,94
6,2819,0.21609866619110107,95
6,5430,0.21354679763317108,96
6,3822,0.21339914202690125,97
6,3219,0.2131219059228897,98
6,4038,0.2127552628517151,99
6,3831,0.21261630952358246,100
7,3512,0.5321894884109497,1
7,3514,0.5095459818840027,2
7,4972,0.5056091547012329,3
7,4734,0.5035927891731262,4
7,3980,0.4871152937412262,5
7,3978,0.48573893308639526,6
7,4582,0.48345619440078735,7
7,4736,0.47782275080680847,8
7,4208,0.4715767502784729,9
7,3516,0.46820539236068726,10
7,5263,0.46341922879219055,11
7,4739,0.45890963077545166,12
7,3522,0.44241946935653687,13
7,4812,0.4415201246738434,14
7,3504,0.43877121806144714,15
7,3519,0.43833351135253906,16
7,3918,0.4344519078731537,17
7,4810,0.4325600266456604,18
7,3930,0.4318488836288452,19
7,3521,0.43053239583969116,20
7,4814,0.4300404191017151,21
7,4743,0.42879438400268555,22
7,4735,0.4262382388114929,23
7,3981,0.4242650270462036,24
7,4005,0.4207743704319,25
7,4012,0.41693559288978577,26
7,3529,0.4164278209209442,27
7,4742,0.41582396626472473,28
7,3505,0.4142906963825226,29
7,4733,0.4134758710861206,30
7,4520,0.41190847754478455,31
7,4973,0.41011160612106323,32
7,3988,0.408523827791214,33
7,4309,0.4079335629940033,34
7,4815,0.40549734234809875,35
7,3987,0.4020242393016815,36
7,3933,0.39873751997947693,37
7,4307,0.3965480923652649,38
7,4813,0.3959769904613495,39
7,3815,0.39468616247177124,40
7,3927,0.3930615782737732,41
7,3989,0.3916195034980774,42
7,3954,0.39073753356933594,43
7,3947,0.38935279846191406,44
7,3681,0.38747137784957886,45
7,4745,0.38504162430763245,46
7,3507,0.384323388338089,47
7,4317,0.3827003240585327,48
7,3997,0.3811342716217041,49
7,4547,0.3782278299331665,50
7,3515,0.3781842291355133,51
7,4746,0.3756237030029297,52
7,4578,0.3752867579460144,53
7,4583,0.37350258231163025,54
7,3517,0.3732815980911255,55
7,3921,0.3719962537288666,56
7,3640,0.3705858588218689,57
7,4577,0.3697558641433716,58
7,2816,0.36929500102996826,59
7,4193,0.36895090341567993,60
7,4200,0.3668314218521118,61
7,3518,0.3659737706184387,62
7,5324,0.3647306561470032,63
7,3506,0.36353713274002075,64
7,3979,0.3631688356399536,65
7,2827,0.3599141240119934,66
7,3131,0.35801422595977783,67
7,4310,0.35592663288116455,68
7,4313,0.35481446981430054,69
7,3060,0.3547053337097168,70
7,3210,0.3535386919975281,71
7,3998,0.35324761271476746,72
7,5238,0.3510022759437561,73
7,3639,0.35044121742248535,74
7,3991,0.3502659797668457,75
7,3935,0.3500399589538574,76
7,4316,0.3492467999458313,77
7,3625,0.3492215871810913,78
7,4546,0.34709078073501587,79
7,3621,0.3467315435409546,80
7,4548,0.34539997577667236,81
7,3129,0.34460777044296265,82
7,4737,0.3443879187107086,83
7,4308,0.34425675868988037,84
7,3531,0.3441433012485504,85
7,4522,0.3431127071380615,86
7,2859,0.3424701690673828,87
7,3143,0.3420191705226898,88
7,4098,0.34184980392456055,89
7,3932,0.34092992544174194,90
7,3524,0.34089696407318115,91
7,4741,0.34036189317703247,92
7,4007,0.33897867798805237,93
7,4549,0.3383362889289856,94
7,4738,0.33813798427581787,95
7,3929,0.33789050579071045,96
7,3939,0.33779004216194153,97
7,5260,0.33703625202178955,98
7,3956,0.3367087244987488,99
7,3993,0.33372071385383606,100
8,4539,0.5569984316825867,1
8,2841,0.49004194140434265,2
8,5462,0.4482308030128479,3
8,4521,0.4396779537200928,4
8,3357,0.42795848846435547,5
8,2840,0.4240450859069824,6
8,3071,0.41778141260147095,7
8,3359,0.4165326952934265,8
8,5463,0.4163498282432556,9
8,4536,0.41242626309394836,10
8,4234,0.41103023290634155,11
8,4623,0.409382164478302,12
8,5457,0.40418562293052673,13
8,3741,0.39820194244384766,14
8,4245,0.3941195607185364,15
8,4540,0.39173516631126404,16
8,4618,0.3884771168231964,17
8,4239,0.38779911398887634,18
8,5454,0.3818078637123108,19
8,5464,0.38072437047958374,20
8,5452,0.37890636920928955,21
8,4242,0.37779495120048523,22
8,4537,0.37704581022262573,23
8,5458,0.37681734561920166,24
8,3365,0.3745031952857971,25
8,3078,0.3723892867565155,26
8,3368,0.364224374294281,27
8,5352,0.36247962713241577,28
8,5459,0.36043354868888855,29
8,4249,0.36009323596954346,30
8,4247,0.3568383455276489,31
8,3369,0.3562620282173157,32
8,4246,0.3548160791397095,33
8,5468,0.3546716868877411,34
8,5351,0.3542805314064026,35
8,3077,0.3520893156528473,36
8,5469,0.34925371408462524,37
8,5467,0.348074734210968,38
8,4241,0.34726640582084656,39
8,4253,0.3470139801502228,40
8,5465,0.34674739837646484,41
8,4240,0.342210590839386,42
8,3423,0.34062397480010986,43
8,4238,0.33864498138427734,44
8,4538,0.3380003869533539,45
8,4626,0.33744433522224426,46
8,3756,0.33486950397491455,47
8,5455,0.3337400257587433,48
8,4502,0.3331829905509949,49
8,4237,0.3307746648788452,50
8,5456,0.3290112614631653,51
8,4236,0.3282172679901123,52
8,3740,0.325819730758667,53
8,3364,0.32556962966918945,54
8,3360,0.3244732618331909,55
8,5466,0.32422012090682983,56
8,5129,0.32212239503860474,57
8,4243,0.32027679681777954,58
8,4627,0.3170728087425232,59
8,5453,0.3165823221206665,60
8,5461,0.31171518564224243,61
8,4625,0.31099754571914673,62
8,3549,0.31099310517311096,63
8,5022,0.30830127000808716,64
8,3075,0.3078482151031494,65
8,3363,0.3043931722640991,66
8,3209,0.3040945529937744,67
8,3422,0.3033825159072876,68
8,4248,0.30279049277305603,69
8,4519,0.3012048304080963,70
8,3753,0.30119788646698,71
8,5260,0.2997448444366455,72
8,4250,0.29734674096107483,73
8,4251,0.29716914892196655,74
8,5460,0.29571980237960815,75
8,5354,0.29495173692703247,76
8,4235,0.29258614778518677,77
8,3421,0.2915831208229065,78
8,5268,0.2912003993988037,79
8,3730,0.28853049874305725,80
8,5503,0.28852254152297974,81
8,3681,0.28805896639823914,82
8,5350,0.2864874601364136,83
8,3416,0.28539133071899414,84
8,3420,0.28408992290496826,85
8,4244,0.2839869260787964,86
8,3362,0.28334394097328186,87
8,5518,0.2796851396560669,88
8,3129,0.2778460383415222,89
8,3703,0.27735763788223267,90
8,3356,0.275634229183197,91
8,3358,0.2755351960659027,92
8,5348,0.27539002895355225,93
8,4622,0.27530425786972046,94
8,3127,0.27486652135849,95
8,4600,0.2742065191268921,96
8,3631,0.274084210395813,97
8,5355,0.27403050661087036,98
8,3054,0.27295759320259094,99
8,5393,0.2714292109012604,100
9,4332,0.5748260021209717,1
9,3413,0.5473999977111816,2
9,4774,0.5418416261672974,3
9,5021,0.5405058860778809,4
9,5206,0.529775083065033,5
9,3815,0.5132619142532349,6
9,5205,0.5076074004173279,7
9,5207,0.5070576071739197,8
9,3414,0.5028003454208374,9
9,4333,0.4973514676094055,10
9,4339,0.4948590099811554,11
9,4769,0.4844924211502075,12
9,5023,0.4831200838088989,13
9,3652,0.4824991822242737,14
9,5024,0.47721248865127563,15
9,4782,0.47631144523620605,16
9,5210,0.46273988485336304,17
9,5212,0.46068987250328064,18
9,4334,0.4606471359729767,19
9,5028,0.45934128761291504,20
9,5022,0.4585251212120056,21
9,3320,0.45189353823661804,22
9,3317,0.4501439929008484,23
9,4771,0.4462931156158447,24
9,4780,0.4448217749595642,25
9,3417,0.4353083372116089,26
9,4779,0.4345013201236725,27
9,5211,0.43092891573905945,28
9,5214,0.42830023169517517,29
9,3419,0.42165276408195496,30
9,5026,0.4188392758369446,31
9,4770,0.4161503314971924,32
9,3319,0.41281813383102417,33
9,5033,0.41224297881126404,34
9,5213,0.39844003319740295,35
9,4784,0.39714205265045166,36
9,4777,0.3943880796432495,37
9,4772,0.39213383197784424,38
9,3415,0.3909384310245514,39
9,3651,0.3890687823295593,40
9,3416,0.3878685235977173,41
9,5027,0.3839658200740814,42
9,5029,0.38337820768356323,43
9,4338,0.37701570987701416,44
9,3787,0.3734990358352661,45
9,4776,0.37187713384628296,46
9,4335,0.3716878890991211,47
9,3649,0.3690749406814575,48
9,5031,0.363542377948761,49
9,3318,0.3628450632095337,50
9,4783,0.36211225390434265,51
9,5030,0.3613452911376953,52
9,4781,0.3602067828178406,53
9,4521,0.3578904867172241,54
9,3418,0.3509923815727234,55
9,3321,0.33855563402175903,56
9,5208,0.3337673246860504,57
9,4773,0.3337096571922302,58
9,3114,0.32937324047088623,59
9,3859,0.3258523643016815,60
9,3376,0.3250841498374939,61
9,4851,0.3248745799064636,62
9,4144,0.31922492384910583,63
9,5558,0.3162628412246704,64
9,4778,0.31384095549583435,65
9,4336,0.3120253086090088,66
9,3103,0.30968350172042847,67
9,5025,0.30849364399909973,68
9,4545,0.3053252696990967,69
9,5032,0.305208683013916,70
9,3350,0.30444246530532837,71
9,5111,0.30235928297042847,72
9,3129,0.301631897687912,73
9,5244,0.29879021644592285,74
9,4775,0.2967354655265808,75
9,5120,0.2951236367225647,76
9,5209,0.2932681143283844,77
9,5263,0.28592661023139954,78
9,4210,0.2858964204788208,79
9,3054,0.28449034690856934,80
9,5313,0.2810862362384796,81
9,4637,0.27932119369506836,82
9,4552,0.27914464473724365,83
9,4349,0.2789578437805176,84
9,3284,0.2754483222961426,85
9,4155,0.2754100561141968,86
9,4143,0.27184420824050903,87
9,3348,0.27062875032424927,88
9,4204,0.2700309157371521,89
9,5006,0.2686803936958313,90
9,4912,0.26527947187423706,91
9,3133,0.2646433711051941,92
9,4125,0.26363909244537354,93
9,4856,0.26334577798843384,94
9,4445,0.2618154287338257,95
9,4150,0.26075229048728943,96
9,3281,0.2577822804450989,97
9,4193,0.25394317507743835,98
9,4337,0.2531641721725464,99
9,5268,0.25158408284187317,100
10,4853,0.37617185711860657,1
10,4154,0.3520112931728363,2
10,4444,0.3483036160469055,3
10,4856,0.3434842526912689,4
10,4849,0.3365224301815033,5
10,2892,0.33512723445892334,6
10,4143,0.33322906494140625,7
10,4852,0.33286404609680176,8
10,5554,0.32988646626472473,9
10,4903,0.3133104145526886,10
10,2852,0.312806099653244,11
10,4854,0.31150731444358826,12
10,4850,0.3098640441894531,13
10,4847,0.308337926864624,14
10,2853,0.3054828643798828,15
10,4157,0.3039654791355133,16
10,5483,0.30320215225219727,17
10,4151,0.3016459345817566,18
10,3281,0.30111098289489746,19
10,4150,0.29515528678894043,20
10,4905,0.29267850518226624,21
10,4145,0.29005706310272217,22
10,4851,0.2870994508266449,23
10,4443,0.28147566318511963,24
10,5557,0.28088414669036865,25
10,3668,0.28053873777389526,26
10,4148,0.27524247765541077,27
10,4158,0.2741207480430603,28
10,4149,0.27156198024749756,29
10,3892,0.2715458273887634,30
10,5560,0.2700500786304474,31
10,3142,0.2686038017272949,32
10,4904,0.26795145869255066,33
10,4912,0.26765379309654236,34
10,3280,0.26604557037353516,35
10,4906,0.2644802927970886,36
10,4147,0.2636166214942932,37
10,3653,0.26217973232269287,38
10,2893,0.26160839200019836,39
10,3273,0.2602613568305969,40
10,4141,0.26023414731025696,41
10,5563,0.2563890516757965,42
10,4449,0.2560367286205292,43
10,5488,0.2539656162261963,44
10,3328,0.2532482147216797,45
10,3014,0.25203508138656616,46
10,4911,0.2520301043987274,47
10,2936,0.2514064908027649,48
10,4907,0.2510783076286316,49
10,3288,0.25087130069732666,50
10,4442,0.25043004751205444,51
10,2854,0.2491334080696106,52
10,5566,0.24543678760528564,53
10,3210,0.2440970242023468,54
10,3660,0.24362900853157043,55
10,4440,0.24055305123329163,56
10,4447,0.24048292636871338,57
10,4855,0.2399439513683319,58
10,3263,0.23836544156074524,59
10,3201,0.2375013828277588,60
10,3214,0.23372787237167358,61
10,4720,0.23178547620773315,62
10,3508,0.22963689267635345,63
10,4441,0.22943171858787537,64
10,5558,0.2292337566614151,65
10,4909,0.22825561463832855,66
10,5551,0.22822707891464233,67
10,3657,0.22813722491264343,68
10,3128,0.22685614228248596,69
10,5559,0.22664961218833923,70
10,4155,0.2259194552898407,71
10,4153,0.2235545516014099,72
10,5491,0.22341015934944153,73
10,3141,0.22110891342163086,74
10,4142,0.2208137810230255,75
10,4451,0.2199002504348755,76
10,5321,0.21739980578422546,77
10,3625,0.21726803481578827,78
10,3654,0.21646347641944885,79
10,3904,0.2156679779291153,80
10,5480,0.2156156748533249,81
10,3885,0.2151920348405838,82
10,3390,0.21454522013664246,83
10,4146,0.21391955018043518,84
10,3146,0.21348607540130615,85
10,2993,0.21274909377098083,86
10,2891,0.21247094869613647,87
10,4448,0.21234358847141266,88
10,3759,0.2114170342683792,89
10,4446,0.20982715487480164,90
10,4564,0.20843587815761566,91
10,5320,0.2079417109489441,92
10,3373,0.20421625673770905,93
10,4910,0.20370686054229736,94
10,3895,0.20335984230041504,95
10,3275,0.2016458362340927,96
10,3758,0.2007969617843628,97
10,3012,0.200546532869339,98
10,3716,0.1992148756980896,99
10,3669,0.19918745756149292,100
11,3802,0.6627573370933533,1
11,3618,0.6498070955276489,2
11,3827,0.6421241760253906,3
11,3401,0.6411085724830627,4
11,3819,0.6268453598022461,5
11,3808,0.6150178909301758,6
11,3832,0.6142612099647522,7
11,3800,0.601467490196228,8
11,3801,0.5999670028686523,9
11,4672,0.5956436991691589,10
11,4874,0.5930176377296448,11
11,3830,0.5915135145187378,12
11,4340,0.5899708271026611,13
11,3807,0.5896109342575073,14
11,4664,0.5874251127243042,15
11,3817,0.5803633332252502,16
11,3806,0.5744951963424683,17
11,3638,0.5714536905288696,18
11,3809,0.5702030062675476,19
11,3395,0.5671354532241821,20
11,4668,0.5668014287948608,21
11,3814,0.564552366733551,22
11,4670,0.5639824271202087,23
11,3833,0.556820809841156,24
11,3821,0.5566264390945435,25
11,3813,0.5537710189819336,26
11,3835,0.5458787679672241,27
11,5090,0.5452074408531189,28
11,3831,0.5441614985466003,29
11,4342,0.5379771590232849,30
11,3826,0.537147045135498,31
11,3828,0.5363685488700867,32
11,3623,0.5358293652534485,33
11,2844,0.5322938561439514,34
11,3804,0.5297619104385376,35
11,4876,0.5295603275299072,36
11,3622,0.5283596515655518,37
11,3834,0.52805095911026,38
11,3397,0.5247174501419067,39
11,3803,0.5244494676589966,40
11,3398,0.5216782093048096,41
11,5089,0.5206711292266846,42
11,4344,0.5186867117881775,43
11,3816,0.5184992551803589,44
11,3396,0.5169066190719604,45
11,4794,0.5159386992454529,46
11,5319,0.5150800943374634,47
11,3822,0.5147208571434021,48
11,3625,0.5117191076278687,49
11,3824,0.5100789070129395,50
11,5091,0.5091739296913147,51
11,4875,0.5066481232643127,52
11,3400,0.5028039216995239,53
11,4343,0.501564621925354,54
11,4662,0.5011194944381714,55
11,3811,0.5006064772605896,56
11,3818,0.4991160035133362,57
11,4346,0.4961998462677002,58
11,2846,0.4955400228500366,59
11,5312,0.49428093433380127,60
11,3399,0.4918002784252167,61
11,4877,0.48996061086654663,62
11,4341,0.48452916741371155,63
11,5316,0.4836401045322418,64
11,4669,0.48352372646331787,65
11,4665,0.4821890592575073,66
11,4663,0.48142582178115845,67
11,3615,0.48030775785446167,68
11,3812,0.4791254997253418,69
11,4786,0.4772619307041168,70
11,4378,0.4719703793525696,71
11,4785,0.4704087972640991,72
11,4978,0.4701566696166992,73
11,3621,0.4676958918571472,74
11,4671,0.46636641025543213,75
11,4975,0.46473491191864014,76
11,3825,0.46398019790649414,77
11,4984,0.46363142132759094,78
11,5314,0.46213746070861816,79
11,5317,0.45910176634788513,80
11,3628,0.45906105637550354,81
11,3619,0.45879697799682617,82
11,4878,0.4587351679801941,83
11,3632,0.45463261008262634,84
11,2845,0.45458269119262695,85
11,3805,0.4544227123260498,86
11,5095,0.45407259464263916,87
11,4379,0.4537772834300995,88
11,3614,0.4520757794380188,89
11,4796,0.45044654607772827,90
11,5092,0.4499432444572449,91
11,5313,0.44971632957458496,92
11,4381,0.4496303200721741,93
11,3403,0.44814303517341614,94
11,3815,0.4467547535896301,95
11,2847,0.4456716775894165,96
11,2886,0.44352686405181885,97
11,4792,0.4416016936302185,98
11,4988,0.44098323583602905,99
11,4666,0.43954771757125854,100
12,2996,0.44513437151908875,1
12,3219,0.4289754033088684,2
12,4365,0.3609108030796051,3
12,3217,0.3603268265724182,4
12,2993,0.35127174854278564,5
12,3208,0.348474383354187,6
12,3000,0.3469409942626953,7
12,2998,0.3441416025161743,8
12,3205,0.3398764133453369,9
12,4368,0.3320123553276062,10
12,3206,0.322799414396286,11
12,4841,0.3188294768333435,12
12,3211,0.31837040185928345,13
12,3214,0.314969003200531,14
12,3221,0.31066274642944336,15
12,3220,0.3076593577861786,16
12,2989,0.30424734950065613,17
12,2947,0.29417285323143005,18
12,3791,0.29054978489875793,19
12,5471,0.2853972315788269,20
12,3625,0.2846595048904419,21
12,2986,0.28452855348587036,22
12,3222,0.2815558910369873,23
12,3281,0.2798836827278137,24
12,4362,0.27694645524024963,25
12,3210,0.27600282430648804,26
12,2826,0.27557045221328735,27
12,3213,0.2752043306827545,28
12,3328,0.2727550268173218,29
12,4377,0.2722969949245453,30
12,5104,0.2708335518836975,31
12,2994,0.269252747297287,32
12,4902,0.268929123878479,33
12,4101,0.26560282707214355,34
12,3330,0.2602081596851349,35
12,5430,0.2601182758808136,36
12,3608,0.259817510843277,37
12,2990,0.25976985692977905,38
12,3223,0.25669363141059875,39
12,4374,0.2545747756958008,40
12,3752,0.25406116247177124,41
12,4232,0.2517263889312744,42
12,3631,0.25126439332962036,43
12,3141,0.2504844069480896,44
12,3209,0.2501271367073059,45
12,3001,0.250003457069397,46
12,3747,0.24929991364479065,47
12,4840,0.24777677655220032,48
12,3904,0.24427101016044617,49
12,4832,0.24115891754627228,50
12,3212,0.24076785147190094,51
12,2843,0.23954562842845917,52
12,5346,0.23943261802196503,53
12,4491,0.23929129540920258,54
12,4592,0.23857730627059937,55
12,2850,0.23824729025363922,56
12,4359,0.23766401410102844,57
12,3207,0.23737648129463196,58
12,4893,0.23727668821811676,59
12,5098,0.23720768094062805,60
12,4804,0.23703576624393463,61
12,5569,0.23638835549354553,62
12,5312,0.23572635650634766,63
12,4564,0.2343119978904724,64
12,2999,0.2342832386493683,65
12,4389,0.23162373900413513,66
12,4081,0.2309141904115677,67
12,4842,0.22801288962364197,68
12,3146,0.22766797244548798,69
12,4736,0.2264346480369568,70
12,2841,0.22574126720428467,71
12,2991,0.22520537674427032,72
12,4881,0.22508713603019714,73
12,3765,0.22504878044128418,74
12,5260,0.22457829117774963,75
12,4951,0.2242940217256546,76
12,4939,0.2239408642053604,77
12,4580,0.22360822558403015,78
12,4901,0.22302129864692688,79
12,3707,0.22265863418579102,80
12,5363,0.22260943055152893,81
12,2836,0.22205597162246704,82
12,5273,0.22115452587604523,83
12,4364,0.2201678305864334,84
12,3512,0.21995264291763306,85
12,5572,0.21955233812332153,86
12,4204,0.2180923968553543,87
12,3716,0.21802139282226562,88
12,4132,0.2164689302444458,89
12,4938,0.21621102094650269,90
12,4106,0.21510937809944153,91
12,4412,0.21433193981647491,92
12,4843,0.21341757476329803,93
12,3097,0.21328386664390564,94
12,4799,0.212801992893219,95
12,4229,0.2124764770269394,96
12,3129,0.21246087551116943,97
12,5406,0.21098095178604126,98
12,4743,0.21031375229358673,99
12,3186,0.21029573678970337,100
13,3625,0.4420398473739624,1
13,3632,0.4127003848552704,2
13,3118,0.3665432929992676,3
13,3840,0.3642125725746155,4
13,3631,0.36411985754966736,5
13,3330,0.3634592592716217,6
13,3096,0.36106038093566895,7
13,3621,0.36031574010849,8
13,3534,0.3598117530345917,9
13,4102,0.3580745756626129,10
13,3615,0.3563472032546997,11
13,3628,0.3533467948436737,12
13,5476,0.3531109094619751,13
13,3829,0.3511517345905304,14
13,3063,0.3406338393688202,15
13,5474,0.33553212881088257,16
13,5279,0.33529043197631836,17
13,2850,0.3324180245399475,18
13,5413,0.3312472701072693,19
13,3146,0.3257988691329956,20
13,3108,0.3239317834377289,21
13,3239,0.3238922357559204,22
13,3638,0.3235512375831604,23
13,3198,0.3200862407684326,24
13,3722,0.32006022334098816,25
13,3564,0.3199578523635864,26
13,3372,0.31925392150878906,27
13,4809,0.3192337453365326,28
13,3061,0.31851908564567566,29
13,4792,0.3176509141921997,30
13,5584,0.3174945116043091,31
13,3241,0.31712204217910767,32
13,3585,0.31578904390335083,33
13,4472,0.31560298800468445,34
13,4592,0.31530940532684326,35
13,3203,0.31373289227485657,36
13,4108,0.3134590983390808,37
13,3572,0.3111739754676819,38
13,5050,0.31044337153434753,39
13,3633,0.30900752544403076,40
13,3210,0.3083294928073883,41
13,4509,0.30740249156951904,42
13,4520,0.3073756694793701,43
13,2849,0.3067181706428528,44
13,2912,0.3065221905708313,45
13,4320,0.3058125376701355,46
13,2859,0.3037714660167694,47
13,3264,0.3037671744823456,48
13,3328,0.30346420407295227,49
13,2955,0.3033195734024048,50
13,3324,0.3024017810821533,51
13,3104,0.30147239565849304,52
13,3014,0.3002954423427582,53
13,5116,0.2992804944515228,54
13,3718,0.29914748668670654,55
13,3614,0.2988862693309784,56
13,3723,0.2975965738296509,57
13,5536,0.2970939874649048,58
13,5335,0.2966257333755493,59
13,5299,0.2964681088924408,60
13,4734,0.29511940479278564,61
13,3987,0.294437438249588,62
13,3681,0.2928622364997864,63
13,4098,0.2920713722705841,64
13,3717,0.29205599427223206,65
13,2851,0.2915453612804413,66
13,4879,0.29091429710388184,67
13,3060,0.2907031178474426,68
13,3098,0.28989750146865845,69
13,3539,0.28963613510131836,70
13,3537,0.28931310772895813,71
13,5567,0.28796932101249695,72
13,3189,0.287381112575531,73
13,3265,0.2867681384086609,74
13,3193,0.28559574484825134,75
13,5217,0.2853739857673645,76
13,3576,0.28514349460601807,77
13,4323,0.2851063013076782,78
13,5293,0.2847508490085602,79
13,4420,0.284589946269989,80
13,2836,0.2845824956893921,81
13,5231,0.28444337844848633,82
13,4680,0.28431275486946106,83
13,3819,0.28421008586883545,84
13,3927,0.28411391377449036,85
13,4321,0.2833240032196045,86
13,3550,0.28325214982032776,87
13,5363,0.28254812955856323,88
13,4832,0.282249391078949,89
13,5198,0.2811732292175293,90
13,4862,0.28073200583457947,91
13,5251,0.2805628180503845,92
13,3401,0.27990102767944336,93
13,2838,0.2791857123374939,94
13,4975,0.2791234850883484,95
13,5298,0.27910947799682617,96
13,5605,0.27881258726119995,97
13,3102,0.27802804112434387,98
13,4220,0.2778623104095459,99
13,4271,0.2778013050556183,100
14,2828,0.4618573784828186,1
14,4714,0.42023104429244995,2
14,3632,0.378016859292984,3
14,2829,0.3543011546134949,4
14,4707,0.3515353202819824,5
14,3298,0.3198292851448059,6
14,4862,0.30758678913116455,7
14,4869,0.2930110692977905,8
14,4703,0.2912367880344391,9
14,4715,0.2899344563484192,10
14,2830,0.2895761728286743,11
14,3740,0.2878466248512268,12
14,4657,0.2793046832084656,13
14,3311,0.2703472375869751,14
14,4708,0.2638399004936218,15
14,2831,0.2617848813533783,16
14,3302,0.25872132182121277,17
14,4713,0.25341466069221497,18
14,3096,0.25134170055389404,19
14,3222,0.25049567222595215,20
14,4870,0.2449479103088379,21
14,3836,0.23965978622436523,22
14,4704,0.23910140991210938,23
14,4717,0.23863805830478668,24
14,3324,0.23694410920143127,25
14,5406,0.23630303144454956,26
14,3572,0.2362837791442871,27
14,3139,0.23297153413295746,28
14,5366,0.23217445611953735,29
14,4709,0.23031827807426453,30
14,2840,0.22699657082557678,31
14,3534,0.22673746943473816,32
14,3537,0.22583898901939392,33
14,3724,0.22541901469230652,34
14,3845,0.2242063581943512,35
14,5503,0.22254839539527893,36
14,4868,0.22017191350460052,37
14,5146,0.21981006860733032,38
14,4661,0.21934425830841064,39
14,4655,0.21909970045089722,40
14,5465,0.21807458996772766,41
14,3596,0.21763533353805542,42
14,3633,0.2151338756084442,43
14,3368,0.21491853892803192,44
14,4319,0.21230792999267578,45
14,3299,0.21141564846038818,46
14,4656,0.21094001829624176,47
14,3075,0.20774835348129272,48
14,3736,0.20710870623588562,49
14,4604,0.206770122051239,50
14,4438,0.20648348331451416,51
14,3051,0.20644167065620422,52
14,3198,0.2053932547569275,53
14,5452,0.20528072118759155,54
14,5410,0.20402702689170837,55
14,3727,0.20260149240493774,56
14,4705,0.20254547894001007,57
14,3308,0.20116077363491058,58
14,2980,0.20065012574195862,59
14,4878,0.19896623492240906,60
14,2850,0.1987009346485138,61
14,5602,0.19808822870254517,62
14,4930,0.19708794355392456,63
14,3102,0.19694676995277405,64
14,3563,0.19628819823265076,65
14,3303,0.19425475597381592,66
14,5514,0.1932622492313385,67
14,3104,0.1929561197757721,68
14,2849,0.19284000992774963,69
14,4867,0.19149576127529144,70
14,5167,0.18956440687179565,71
14,4321,0.18952104449272156,72
14,4143,0.18828731775283813,73
14,2851,0.18796056509017944,74
14,4671,0.187673419713974,75
14,5253,0.1868152916431427,76
14,3757,0.1861986219882965,77
14,4623,0.18559089303016663,78
14,3621,0.18540096282958984,79
14,5393,0.1851615011692047,80
14,4508,0.18456843495368958,81
14,4057,0.1843780130147934,82
14,3191,0.18422794342041016,83
14,5455,0.18388810753822327,84
14,5555,0.18357855081558228,85
14,3085,0.18356169760227203,86
14,3026,0.18337005376815796,87
14,4872,0.18213415145874023,88
14,4598,0.18153661489486694,89
14,5383,0.1813133805990219,90
14,3148,0.1809963434934616,91
14,4880,0.18098516762256622,92
14,4497,0.18097102642059326,93
14,3337,0.1808576136827469,94
14,4439,0.18074573576450348,95
14,3717,0.18059617280960083,96
14,3330,0.18025901913642883,97
14,4932,0.1801445335149765,98
14,4539,0.18005958199501038,99
14,4865,0.1800154447555542,100
