qid,docno,score,rank,orig_score,kg_score,alpha
0,3848,0.7245511993765831,1,0.3899820148944855,0.7835928201675415,0.15
0,3851,0.6859341770410537,2,0.3944036364555359,0.7373807430267334,0.15
0,2922,0.6802903562784194,3,0.4748650193214416,0.7165418863296509,0.15
0,5070,0.6640895038843154,4,0.5181878209114075,0.689836859703064,0.15
0,2919,0.6598797693848609,5,0.3048566877841949,0.7225309014320374,0.15
0,2858,0.6575926721096039,6,0.3662953376770019,0.7089980840682983,0.15
0,5079,0.6570627242326736,7,0.3978717923164367,0.702802300453186,0.15
0,5073,0.6559289127588273,8,0.4382820129394531,0.6943371891975403,0.15
0,4753,0.6553627341985702,9,0.447880744934082,0.6919772028923035,0.15
0,2835,0.6348837330937385,10,0.4134905636310577,0.673953115940094,0.15
0,4408,0.619735026359558,11,0.4218657612800598,0.6546531319618225,0.15
0,3153,0.6145092234015465,12,0.4172403514385223,0.6493213772773743,0.15
0,4409,0.6141422033309937,13,0.4513901472091675,0.6428631544113159,0.15
0,5043,0.5731330215930939,14,0.3676354885101318,0.609397292137146,0.15
0,4410,0.5659894242882728,15,0.3424400985240936,0.605439305305481,0.15
0,3162,0.5472707271575927,16,0.3587566614151001,0.5805379152297974,0.15
0,3850,0.5361274406313896,17,0.4090679585933685,0.558549702167511,0.15
0,2921,0.4868736073374748,18,0.3368062078952789,0.51335608959198,0.15
0,5002,0.43978789299726484,19,0.3469972014427185,0.4561627209186554,0.15
0,3157,0.3954655811190605,20,0.407658189535141,0.3933139443397522,0.15
0,5011,0.37494306564331054,21,0.4528212547302246,0.36119985580444336,0.15
0,3846,0.37121679484844206,22,0.3056925535202026,0.38277989625930786,0.15
0,3849,0.3689592897891998,23,0.413516104221344,0.3610963225364685,0.15
0,5061,0.36235692799091335,24,0.3309677243232727,0.3678961992263794,0.15
0,5035,0.3579655632376671,25,0.377863347530365,0.3544541895389557,0.15
0,2832,0.34768150597810743,26,0.3046445846557617,0.3552762567996979,0.15
0,2875,0.26810263544321056,27,0.3387016057968139,0.2556439936161041,0.15
0,3091,0.2639170169830322,28,0.307898998260498,0.25615549087524414,0.15
0,2857,0.25895080268383025,29,0.3051612377166748,0.25079602003097534,0.15
0,5009,0.2545799121260643,30,0.3356014192104339,0.24028199911117554,0.15
0,4762,0.23902238458395003,31,0.3091405034065246,0.22664859890937805,0.15
0,5020,0.2322721943259239,32,0.3462918400764465,0.21215108036994934,0.15
0,5075,0.22981667295098304,33,0.3772408962249756,0.20380063354969025,0.15
0,5076,0.22599295228719712,34,0.3650381565093994,0.20145556330680847,0.15
0,2878,0.22310254424810408,35,0.4140043258666992,0.18941399455070496,0.15
0,4756,0.21361789405345916,36,0.3393195569515228,0.19143524765968323,0.15
0,4819,0.18628894239664076,37,0.3083508312702179,0.16474860906600952,0.15
0,3847,0.17888838723301886,38,0.4414404034614563,0.13255567848682404,0.15
0,4757,0.1637448266148567,39,0.3111498355865478,0.13773217797279358,0.15
0,2855,0.14599051214754583,40,0.424351155757904,0.09686804562807083,0.15
0,5165,0.13308036848902702,41,0.3337102234363556,0.09767509996891022,0.15
0,5193,0.12557951360940933,42,0.299055278301239,0.09496614336967468,0.15
0,4407,0.12383677512407303,43,0.4198989272117615,0.07159051299095154,0.15
0,5072,0.11037230752408504,44,0.3467080295085907,0.0686660036444664,0.15
0,5015,0.1066470008343458,45,0.3159616887569427,0.06970911473035812,0.15
0,5099,0.10320549048483371,46,0.3403258323669433,0.06136072427034378,0.15
0,3766,0.07816693177446724,47,0.3468557596206665,0.03075125627219677,0.15
0,2861,0.07129625985398888,48,0.4034704566001892,0.012677283957600594,0.15
0,5112,0.06883773319423199,49,0.3059818744659424,0.026988767087459564,0.15
0,5018,0.06821264656609854,50,0.451132595539093,0.0006385379238054156,0.15
1,4649,0.8559520184993743,1,0.3662204146385193,0.9423752427101135,0.15
1,4643,0.7948944956064223,2,0.4288997054100036,0.8594818115234375,0.15
1,4641,0.7834677860140801,3,0.4191549122333526,0.8477582931518555,0.15
1,5440,0.7720026418566703,4,0.4165555536746979,0.8347285985946655,0.15
1,4645,0.7057709127664566,5,0.4128242135047912,0.7574673891067505,0.15
1,4685,0.689575520157814,6,0.4023283123970032,0.7402662038803101,0.15
1,5431,0.686440697312355,7,0.4233680963516235,0.7328652739524841,0.15
1,3637,0.6788732841610908,8,0.3887680470943451,0.7300683259963989,0.15
1,5436,0.6786561712622642,9,0.4164578020572662,0.7249264717102051,0.15
1,4299,0.6759379759430885,10,0.3909567892551422,0.7262287735939026,0.15
1,4644,0.6726916313171386,11,0.3761814832687378,0.7250169515609741,0.15
1,5439,0.6721621125936508,12,0.4386962056159973,0.7133619785308838,0.15
1,5100,0.6682082653045653,13,0.4640769362449646,0.7042314410209656,0.15
1,4652,0.6576811254024506,14,0.5289400815963745,0.6804001331329346,0.15
1,4301,0.6488392606377602,15,0.4168697893619537,0.6897750496864319,0.15
1,4262,0.6470274806022643,16,0.4320143461227417,0.6849709749221802,0.15
1,3006,0.6386064797639847,17,0.3844071626663208,0.6834651827812195,0.15
1,5442,0.6371172606945038,18,0.3844301104545593,0.6817091107368469,0.15
1,4267,0.6252563342452049,19,0.442246526479721,0.657552182674408,0.15
1,4266,0.6173839554190635,20,0.4282527267932892,0.6507600545883179,0.15
1,5428,0.6127332299947739,21,0.3647456169128418,0.6564957499504089,0.15
1,4269,0.6090426817536354,22,0.4018594324588775,0.6456044316291809,0.15
1,2910,0.6020532011985779,23,0.3842815160751343,0.6404834985733032,0.15
1,5105,0.5998133748769761,24,0.4477484226226806,0.6266483664512634,0.15
1,5437,0.5949896261096,25,0.3884234130382538,0.6314424872398376,0.15
1,5435,0.5933000341057777,26,0.4748115241527557,0.614209771156311,0.15
1,5430,0.5844553977251052,27,0.4018545746803283,0.6166790723800659,0.15
1,4684,0.5836378037929535,28,0.4030416011810303,0.6155077219009399,0.15
1,5432,0.580471220612526,29,0.3851488828659057,0.6149398684501648,0.15
1,4648,0.5803156927227974,30,0.4142530262470245,0.6096208691596985,0.15
1,4640,0.5739573031663895,31,0.4555308818817138,0.5948560833930969,0.15
1,4651,0.5625328287482262,32,0.388265997171402,0.5932857990264893,0.15
1,4646,0.5457189381122589,33,0.4060186743736267,0.5703719258308411,0.15
1,4258,0.5409021377563477,34,0.4281434416770935,0.5608007311820984,0.15
1,4696,0.5197954684495926,35,0.4442048072814941,0.5331349968910217,0.15
1,4650,0.5074828118085861,36,0.3977094888687134,0.5268545746803284,0.15
1,5433,0.506484816968441,37,0.4327917993068695,0.5194894671440125,0.15
1,4261,0.4951710060238838,38,0.4167249500751495,0.5090144276618958,0.15
1,5096,0.49432881772518156,39,0.4570679664611816,0.5009042620658875,0.15
1,5444,0.4848764568567276,40,0.3790094256401062,0.503558874130249,0.15
1,5101,0.4822592094540596,41,0.4079037606716156,0.4953807592391968,0.15
1,2820,0.47406546920537945,42,0.4087899625301361,0.48558467626571655,0.15
1,4647,0.4735353410243988,43,0.3750607371330261,0.4909132122993469,0.15
1,4688,0.46653845459222787,44,0.4810257852077484,0.46398186683654785,0.15
1,5429,0.4597895577549934,45,0.4234169721603393,0.46620824933052063,0.15
1,2860,0.45115696191787713,46,0.4532145261764526,0.4507938623428345,0.15
1,4257,0.44992689788341517,47,0.3891273736953735,0.46065622568130493,0.15
1,5099,0.4351513549685478,48,0.4176316857337951,0.4382430613040924,0.15
1,2822,0.42422657310962675,49,0.39519202709198,0.4293503165245056,0.15
1,4292,0.4043765068054199,50,0.3888089954853058,0.40712371468544006,0.15
10,4147,0.5838737726211547,1,0.2636166214942932,0.7973785400390625,0.4
10,4150,0.5421606659889221,2,0.2951552867889404,0.7068309187889099,0.4
10,4154,0.535328209400177,3,0.3520112931728363,0.6575394868850708,0.4
10,5557,0.5262118577957153,4,0.2808841466903686,0.6897636651992798,0.4
10,5559,0.5156935572624206,5,0.2266496121883392,0.7083895206451416,0.4
10,4143,0.5081640243530273,6,0.3332290649414062,0.6247873306274414,0.4
10,5551,0.4970104932785034,7,0.2282270789146423,0.6761994361877441,0.4
10,4854,0.4951627254486084,8,0.3115073144435882,0.6175996661186218,0.4
10,4907,0.49484364986419677,9,0.2510783076286316,0.6573538780212402,0.4
10,4912,0.49066790342330935,10,0.2676537930965423,0.6393439769744873,0.4
10,4849,0.48713041543960567,11,0.3365224301815033,0.5875357389450073,0.4
10,4151,0.48498615026474,12,0.3016459345817566,0.6072129607200623,0.4
10,4443,0.4834898471832275,13,0.2814756631851196,0.6181659698486328,0.4
10,5483,0.4747340321540833,14,0.3032021522521972,0.5890886187553406,0.4
10,5566,0.47021359205245966,15,0.2454367876052856,0.6200647950172424,0.4
10,4142,0.4700250267982483,16,0.2208137810230255,0.6361658573150635,0.4
10,4149,0.46876839399337766,17,0.2715619802474975,0.6002393364906311,0.4
10,2892,0.4679860949516296,18,0.3351272344589233,0.5565586686134338,0.4
10,2853,0.4664710879325866,19,0.3054828643798828,0.5737965703010559,0.4
10,4903,0.45903105735778804,20,0.3133104145526886,0.5561781525611877,0.4
10,4905,0.45356596708297725,21,0.2926785051822662,0.5608242750167847,0.4
10,4441,0.4533341765403748,22,0.2294317185878753,0.602602481842041,0.4
10,4155,0.4517413020133972,23,0.2259194552898407,0.6022891998291016,0.4
10,4141,0.44484935998916625,24,0.2602341473102569,0.5679261684417725,0.4
10,4442,0.4427347421646118,25,0.2504300475120544,0.5709378719329834,0.4
10,4153,0.4311150074005127,26,0.2235545516014099,0.5694886445999146,0.4
10,4446,0.41873577833175657,27,0.2098271548748016,0.5580081939697266,0.4
10,5563,0.41680054664611815,28,0.2563890516757965,0.5237415432929993,0.4
10,4851,0.41608364582061763,29,0.2870994508266449,0.5020731091499329,0.4
10,4906,0.4073054909706116,30,0.2644802927970886,0.5025222897529602,0.4
10,5560,0.4042121529579163,31,0.2700500786304474,0.4936535358428955,0.4
10,5488,0.40378183126449585,32,0.2539656162261963,0.5036593079566956,0.4
10,4145,0.40255493521690366,33,0.2900570631027221,0.47755351662635803,0.4
10,4904,0.4014258325099945,34,0.2679514586925506,0.4904087483882904,0.4
10,3668,0.3952646493911743,35,0.2805387377738952,0.47174859046936035,0.4
10,4440,0.3870219051837921,36,0.2405530512332916,0.4846678078174591,0.4
10,3660,0.3818543791770935,37,0.2436290085315704,0.4740046262741089,0.4
10,4911,0.37046014666557314,38,0.2520301043987274,0.4494135081768036,0.4
10,4909,0.3480879068374634,39,0.2282556146383285,0.4279761016368866,0.4
10,4855,0.3417809545993805,40,0.2399439513683319,0.4096722900867462,0.4
10,4910,0.3407769322395324,41,0.2037068605422973,0.4321569800376892,0.4
10,4448,0.33501937985420227,42,0.2123435884714126,0.416803240776062,0.4
10,2852,0.33193420171737675,43,0.312806099653244,0.34468626976013184,0.4
10,5321,0.3107573628425598,44,0.2173998057842254,0.3729957342147827,0.4
10,4850,0.2970390975475311,45,0.3098640441894531,0.28848913311958313,0.4
10,5491,0.2940553784370422,46,0.2234101593494415,0.3411521911621094,0.4
10,5558,0.28023571968078614,47,0.2292337566614151,0.3142370283603668,0.4
10,2854,0.2788604736328125,48,0.2491334080696106,0.29867851734161377,0.4
10,3014,0.27053297162055967,49,0.2520350813865661,0.28286489844322205,0.4
10,2891,0.2703703999519348,50,0.2124709486961364,0.30897003412246704,0.4
11,3802,0.8918450683355331,1,0.6627573370933533,0.9322723150253296,0.15
11,3806,0.8512096732854842,2,0.5744951963424683,0.9000416398048401,0.15
11,4340,0.8148407846689224,3,0.5899708271026611,0.8545237183570862,0.15
11,5090,0.8070610165596007,4,0.5452074408531189,0.8532704710960388,0.15
11,5091,0.805183720588684,5,0.5091739296913147,0.8574207425117493,0.15
11,4344,0.7955746620893478,6,0.5186867117881775,0.8444372415542603,0.15
11,5092,0.7878466993570328,7,0.4499432444572449,0.8474767208099365,0.15
11,5089,0.7857980012893677,8,0.5206711292266846,0.8325850963592529,0.15
11,4346,0.7847832649946213,9,0.4961998462677002,0.8357097506523132,0.15
11,3804,0.7809111058712005,10,0.5297619104385376,0.8252315521240234,0.15
11,4342,0.7744064509868621,11,0.5379771590232849,0.8161292672157288,0.15
11,3803,0.7731771290302277,12,0.5244494676589966,0.8170702457427979,0.15
11,3816,0.7672579735517502,13,0.5184992551803589,0.8111565709114075,0.15
11,2845,0.7663177609443663,14,0.4545826911926269,0.8213298320770264,0.15
11,3800,0.7651559680700302,15,0.601467490196228,0.79404217004776,0.15
11,3825,0.7541919052600861,16,0.4639801979064941,0.8054057359695435,0.15
11,4874,0.753775206208229,17,0.5930176377296448,0.7821441888809204,0.15
11,3801,0.7522253394126892,18,0.5999670028686523,0.7790944576263428,0.15
11,3832,0.7488862633705139,19,0.6142612099647522,0.7726436257362366,0.15
11,3396,0.7461041897535323,20,0.5169066190719604,0.7865508198738098,0.15
11,3811,0.7444433450698852,21,0.5006064772605896,0.7874733805656433,0.15
11,3827,0.7363808542490006,22,0.6421241760253906,0.7530143857002258,0.15
11,3813,0.7340424150228501,23,0.5537710189819336,0.7658550143241882,0.15
11,3830,0.7327067941427231,24,0.5915135145187378,0.7576232552528381,0.15
11,4875,0.7303095430135726,25,0.5066481232643127,0.7697792053222656,0.15
11,4877,0.7271366894245147,26,0.4899606108665466,0.7689912915229797,0.15
11,3805,0.7246877193450927,27,0.4544227123260498,0.7723815441131592,0.15
11,4663,0.7211126029491425,28,0.4814258217811584,0.7634102702140808,0.15
11,4876,0.7143175601959227,29,0.5295603275299072,0.7469217777252197,0.15
11,3821,0.7108011394739151,30,0.5566264390945435,0.738008439540863,0.15
11,4343,0.705301684141159,31,0.501564621925354,0.7412552833557129,0.15
11,3395,0.7018581360578536,32,0.5671354532241821,0.7256327271461487,0.15
11,4341,0.7008864924311637,33,0.4845291674137115,0.7390671968460083,0.15
11,5095,0.6972649663686752,34,0.4540725946426391,0.7401812672615051,0.15
11,5314,0.6951941549777985,35,0.4621374607086181,0.7363218069076538,0.15
11,3399,0.6920561954379082,36,0.4918002784252167,0.7273954749107361,0.15
11,4665,0.6919881641864777,37,0.4821890592575073,0.7290115356445312,0.15
11,3809,0.689447346329689,38,0.5702030062675476,0.7104904651641846,0.15
11,4666,0.6869274139404296,39,0.4395477175712585,0.7305826544761658,0.15
11,2846,0.685544216632843,40,0.4955400228500366,0.7190743684768677,0.15
11,3817,0.6754595130681992,41,0.5803633332252502,0.6922411918640137,0.15
11,4670,0.6693542689085007,42,0.5639824271202087,0.6879492998123169,0.15
11,2847,0.6641209423542023,43,0.4456716775894165,0.7026708126068115,0.15
11,3807,0.6603575646877289,44,0.5896109342575073,0.672842264175415,0.15
11,3818,0.6486383855342865,45,0.4991160035133362,0.675024688243866,0.15
11,4664,0.6417042374610901,46,0.5874251127243042,0.6512829065322876,0.15
11,4662,0.6226727932691574,47,0.5011194944381714,0.644123375415802,0.15
11,2844,0.6157071322202682,48,0.5322938561439514,0.6304271221160889,0.15
11,3822,0.6013995766639709,49,0.5147208571434021,0.6166958212852478,0.15
11,4668,0.5961722314357757,50,0.5668014287948608,0.6013553142547607,0.15
12,2989,0.6053731799125671,1,0.3042473495006561,0.8061237335205078,0.4
12,3205,0.5373176813125611,2,0.3398764133453369,0.6689451932907104,0.4
12,3217,0.49760861396789546,3,0.3603268265724182,0.5891298055648804,0.4
12,3000,0.48455133438110354,4,0.3469409942626953,0.576291561126709,0.4
12,3220,0.3976914048194885,5,0.3076593577861786,0.4577127695083618,0.4
12,3213,0.36968410611152647,6,0.2752043306827545,0.43267062306404114,0.4
12,4368,0.25422675609588624,7,0.3320123553276062,0.20236968994140625,0.4
12,3206,0.23868435621261597,8,0.322799414396286,0.18260765075683594,0.4
12,3219,0.2298945188522339,9,0.4289754033088684,0.09717392921447754,0.4
12,2993,0.22748107910156248,10,0.3512717485427856,0.14495396614074707,0.4
12,2998,0.21304603517055512,11,0.3441416025161743,0.12564899027347565,0.4
12,3208,0.2122204229235649,12,0.348474383354187,0.12138444930315018,0.4
12,2999,0.2102161705493927,13,0.2342832386493683,0.1941714584827423,0.4
12,2996,0.20488279461860656,14,0.4451343715190887,0.04471507668495178,0.4
12,3221,0.19997575879096982,15,0.3106627464294433,0.12618443369865417,0.4
12,4362,0.1952856183052063,16,0.2769464552402496,0.14084506034851074,0.4
12,2947,0.19221392571926116,17,0.29417285323143,0.12424130737781525,0.4
12,4377,0.16973157972097397,18,0.2722969949245453,0.10135463625192642,0.4
12,2991,0.16549240350723265,19,0.2252053767442703,0.1256837546825409,0.4
12,4804,0.15598836839199065,20,0.2370357662439346,0.10195676982402802,0.4
12,4365,0.15470391400158404,21,0.3609108030796051,0.017232654616236687,0.4
12,3211,0.130591132491827,22,0.3183704018592834,0.00540495291352272,0.4
12,3214,0.13009217623621228,23,0.314969003200531,0.006840958259999752,0.4
12,3222,0.12772786915302278,24,0.2815558910369873,0.025175854563713074,0.4
12,2986,0.12424135878682135,25,0.2845285534858703,0.017383228987455368,0.4
12,4841,0.1226556409150362,26,0.3188294768333435,-0.008126916363835335,0.4
12,5471,0.11939055025577545,27,0.2853972315788269,0.00871942937374115,0.4
12,3328,0.1152474645525217,28,0.2727550268173218,0.010242423042654991,0.4
12,2990,0.1142222076654434,29,0.259769856929779,0.017190441489219666,0.4
12,3791,0.11416673520579931,30,0.2905497848987579,-0.0034219645895063877,0.4
12,3209,0.11254540793597699,31,0.2501271367073059,0.020824255421757698,0.4
12,3281,0.11169087029993535,32,0.2798836827278137,-0.00043767131865024567,0.4
12,3625,0.11045932266861201,33,0.2846595048904419,-0.0056741321459412575,0.4
12,4902,0.1102042868733406,34,0.268929123878479,0.0043877288699150085,0.4
12,2994,0.10820443108677864,35,0.269252747297287,0.000838886946439743,0.4
12,4374,0.10811124816536904,36,0.2545747756958008,0.010468896478414536,0.4
12,5104,0.10690360162407161,37,0.2708335518836975,-0.0023830318823456764,0.4
12,3752,0.10663967784494159,38,0.2540611624717712,0.008358688093721867,0.4
12,3001,0.10662431232631207,39,0.250003457069397,0.011038215830922127,0.4
12,4842,0.10653417482972143,40,0.2280128896236419,0.025548364967107773,0.4
12,3608,0.10605160221457481,41,0.259817510843277,0.0035409964621067047,0.4
12,2826,0.10571248084306716,42,0.2755704522132873,-0.00752616673707962,0.4
12,5430,0.10566706201061607,43,0.2601182758808136,0.002699586097151041,0.4
12,3904,0.105244193226099,44,0.2442710101604461,0.012559648603200912,0.4
12,3747,0.10310998735949395,45,0.2492999136447906,0.0056500365026295185,0.4
12,3330,0.10200816337019206,46,0.2602081596851349,-0.0034585008397698402,0.4
12,4893,0.10147480964660642,47,0.2372766882181167,0.010940223932266235,0.4
12,2843,0.09961076723411678,48,0.2395456284284591,0.006320859771221876,0.4
12,4359,0.09942740052938459,49,0.2376640141010284,0.007269658148288727,0.4
12,3210,0.09929573833942411,50,0.276002824306488,-0.01850898563861847,0.4
13,3104,0.4268246293067932,1,0.301472395658493,0.5103927850723267,0.4
13,3102,0.3196727693080902,2,0.2780280411243438,0.34743592143058777,0.4
13,4809,0.3151556432247162,3,0.3192337453365326,0.31243690848350525,0.4
13,4879,0.3098558783531189,4,0.2909142971038818,0.3224835991859436,0.4
13,4420,0.25875272750854494,5,0.284589946269989,0.24152791500091553,0.4
13,3631,0.2272943407297134,6,0.3641198575496673,0.13607732951641083,0.4
13,4102,0.21665742546319963,7,0.3580745756626129,0.12237932533025742,0.4
13,3330,0.21521730422973634,8,0.3634592592716217,0.11638933420181274,0.4
13,4792,0.18798931837081911,9,0.3176509141921997,0.10154825448989868,0.4
13,3625,0.1855364128947258,10,0.4420398473739624,0.014534123241901398,0.4
13,3628,0.18343436121940615,11,0.3533467948436737,0.07015940546989441,0.4
13,3633,0.17654678523540496,12,0.3090075254440307,0.0882396250963211,0.4
13,5413,0.17622339427471162,13,0.3312472701072693,0.07287414371967316,0.4
13,3239,0.17022560238838197,14,0.3238922357559204,0.06778118014335632,0.4
13,3118,0.1666061133146286,15,0.3665432929992676,0.03331466019153595,0.4
13,3632,0.16599968001246454,16,0.4127003848552704,0.0015325434505939484,0.4
13,3108,0.16085724383592603,17,0.3239317834377289,0.05214088410139084,0.4
13,3621,0.15911038182675838,18,0.36031574010849,0.02497347630560398,0.4
13,3241,0.15882174521684644,19,0.3171220421791076,0.05328821390867233,0.4
13,3096,0.15724156200885772,20,0.3610603809356689,0.02136234939098358,0.4
13,5279,0.1541854105889797,21,0.3352904319763183,0.033448729664087296,0.4
13,3534,0.15161226429045202,22,0.3598117530345917,0.012812605127692223,0.4
13,3615,0.1498274065554142,23,0.3563472032546997,0.012147542089223862,0.4
13,5476,0.14936183243989945,24,0.3531109094619751,0.013529114425182343,0.4
13,3146,0.14795186668634416,25,0.3257988691329956,0.029387198388576508,0.4
13,2850,0.14769331738352776,26,0.3324180245399475,0.024543512612581253,0.4
13,3840,0.14677922502160073,27,0.3642125725746155,0.001823659986257553,0.4
13,3063,0.14487890973687173,28,0.3406338393688202,0.014375623315572739,0.4
13,3829,0.1408125840127468,29,0.3511517345905304,0.0005864836275577545,0.4
13,3328,0.13920029476284979,30,0.3034642040729522,0.029691021889448166,0.4
13,4520,0.13881318606436255,31,0.3073756694793701,0.026438197121024132,0.4
13,4321,0.13802886158227923,32,0.2833240032196045,0.04116543382406235,0.4
13,3564,0.13747614920139314,33,0.3199578523635864,0.015821680426597595,0.4
13,5474,0.1363147523254156,34,0.3355321288108825,0.003503168001770973,0.4
13,4592,0.13427245337516067,35,0.3153094053268432,0.013581152074038982,0.4
13,3572,0.12889614310115577,36,0.3111739754676819,0.00737758819013834,0.4
13,3014,0.12885626293718816,37,0.3002954423427582,0.014563476666808128,0.4
13,5050,0.12747119795531034,38,0.3104433715343475,0.005489748902618885,0.4
13,4320,0.12688511963933707,39,0.3058125376701355,0.007600174285471439,0.4
13,3198,0.12673014253377915,40,0.3200862407684326,-0.0021739229559898376,0.4
13,3585,0.12627306040376424,41,0.3157890439033508,-7.092859596014023e-05,0.4
13,2912,0.12531182989478112,42,0.3065221905708313,0.004504922777414322,0.4
13,3718,0.12512341998517512,43,0.2991474866867065,0.009107375517487526,0.4
13,3539,0.12470921277999876,44,0.2896361351013183,0.014757931232452393,0.4
13,4832,0.12415039166808128,45,0.282249391078949,0.018751058727502823,0.4
13,2859,0.12283453587442637,46,0.3037714660167694,0.002209915779531002,0.4
13,3638,0.12212896123528481,47,0.3235512375831604,-0.012152556329965591,0.4
13,3061,0.12197691984474658,48,0.3185190856456756,-0.009051190689206123,0.4
13,5363,0.12169613372534512,49,0.2825481295585632,0.01446146983653307,0.4
13,3537,0.1215192526578903,50,0.2893131077289581,0.00965668261051178,0.4
14,4714,0.37538293600082395,1,0.4202310442924499,0.34548419713974,0.4
14,4867,0.3057089507579803,2,0.1914957612752914,0.38185107707977295,0.4
14,4870,0.29169191122055055,3,0.2449479103088379,0.32285457849502563,0.4
14,3337,0.28420007824897764,4,0.1808576136827469,0.35309505462646484,0.4
14,2829,0.2785648167133331,5,0.3543011546134949,0.22807392477989197,0.4
14,2828,0.2498860701918602,6,0.4618573784828186,0.1085718646645546,0.4
14,2830,0.16224456280469896,7,0.2895761728286743,0.07735682278871536,0.4
14,4715,0.15164845883846284,8,0.2899344563484192,0.059457793831825256,0.4
14,3632,0.150464394595474,9,0.378016859292984,-0.0012372485361993313,0.4
14,4713,0.14728125929832458,10,0.2534146606922149,0.07652565836906433,0.4
14,3298,0.14596748873591422,11,0.3198292851448059,0.03005962446331978,0.4
14,2840,0.14138511717319485,12,0.2269965708255767,0.08431081473827362,0.4
14,4717,0.14008482098579403,13,0.2386380583047866,0.07438266277313232,0.4
14,4707,0.12955295965075495,14,0.3515353202819824,-0.0184352807700634,0.4
14,3740,0.1283812142908573,15,0.2878466248512268,0.02207094058394432,0.4
14,4862,0.12718673413619397,16,0.3075867891311645,0.006920030806213617,0.4
14,3308,0.12521085143089292,17,0.2011607736349105,0.07457756996154785,0.4
14,4657,0.12251268737018109,18,0.2793046832084656,0.01798469014465809,0.4
14,3302,0.12069841548800467,19,0.2587213218212127,0.028683144599199295,0.4
14,4438,0.11900179684162138,20,0.2064834833145141,0.06068067252635956,0.4
14,3368,0.1113470360636711,21,0.2149185389280319,0.04229936748743057,0.4
14,4708,0.10388149321079254,22,0.2638399004936218,-0.002757444977760315,0.4
14,4598,0.10363610312342642,23,0.1815366148948669,0.05170242860913277,0.4
14,3222,0.10356899956241249,24,0.2504956722259521,0.005617884453386068,0.4
14,3836,0.10184112899005413,25,0.2396597862243652,0.009962024167180061,0.4
14,4703,0.0996515467762947,26,0.2912367880344391,-0.028071947395801544,0.4
14,3324,0.0983331676572561,27,0.2369441092014312,0.005925873294472694,0.4
14,3757,0.09632919728755951,28,0.1861986219882965,0.036416247487068176,0.4
14,5452,0.0962058864533901,29,0.2052807211875915,0.0234893299639225,0.4
14,5465,0.09528474994003772,30,0.2180745899677276,0.013424856588244438,0.4
14,3534,0.0949984999373555,31,0.2267374694347381,0.007172520272433758,0.4
14,3633,0.09499268345534802,32,0.2151338756084442,0.014898555353283882,0.4
14,4705,0.09495668858289716,33,0.20254547894001,0.02323082834482193,0.4
14,3139,0.09456573603674769,34,0.2329715341329574,0.002295203972607851,0.4
14,4661,0.09356952756643293,35,0.2193442583084106,0.009719707071781158,0.4
14,4655,0.09347587525844574,36,0.2190997004508972,0.009726658463478088,0.4
14,3727,0.0930041231215,37,0.2026014924049377,0.019939210265874863,0.4
14,5406,0.09262694157660006,38,0.2363030314445495,-0.003157118335366249,0.4
14,5366,0.09253454477293414,39,0.2321744561195373,-0.0005587294581346214,0.4
14,3572,0.09228397221304477,40,0.2362837791442871,-0.0037158990744501352,0.4
14,4930,0.09176747500896452,41,0.1970879435539245,0.021553829312324524,0.4
14,3736,0.0914139611646533,42,0.2071087062358856,0.014284131117165089,0.4
14,5146,0.0908556070178747,43,0.2198100686073303,0.004885965958237648,0.4
14,5503,0.09071845319122077,44,0.2225483953952789,0.00283182505518198,0.4
14,4704,0.09054112695157525,45,0.2391014099121093,-0.008499061688780785,0.4
14,3724,0.09041598681360483,46,0.2254190146923065,0.0004139682278037071,0.4
14,3299,0.09014741778373715,47,0.2114156484603881,0.009301930665969849,0.4
14,3051,0.08917837310582398,48,0.2064416706562042,0.011002841405570507,0.4
14,3845,0.088589386921376,49,0.2242063581943512,-0.001821927260607481,0.4
14,4869,0.08835330903530121,50,0.2930110692977905,-0.04808519780635834,0.4
2,5593,0.7308753117918968,1,0.4044366776943207,0.788482129573822,0.15
2,5585,0.6441470548510552,2,0.44802126288414,0.6787574887275696,0.15
2,5512,0.6374134182929992,3,0.4435956478118896,0.6716165542602539,0.15
2,3572,0.6266109481453895,4,0.4910363256931305,0.6505358815193176,0.15
2,3844,0.5823563456535339,5,0.5855506062507629,0.5817926526069641,0.15
2,5392,0.571337354183197,6,0.4730223417282104,0.5886870622634888,0.15
2,5393,0.5424700170755385,7,0.5272531509399414,0.5451553463935852,0.15
2,5198,0.5345450833439827,8,0.4500161111354828,0.5494619607925415,0.15
2,5581,0.5202767446637153,9,0.4121120274066925,0.5393646359443665,0.15
2,5510,0.5018042713403701,10,0.4937806725502014,0.5032202005386353,0.15
2,3775,0.49526682198047633,11,0.4245563149452209,0.5077451467514038,0.15
2,3596,0.4752543285489082,12,0.4243448376655578,0.4842383563518524,0.15
2,4673,0.46580643206834793,13,0.5119500160217285,0.4576634466648102,0.15
2,4462,0.46457880437374116,14,0.4657422006130218,0.46437349915504456,0.15
2,5081,0.4483198717236519,15,0.4235738515853882,0.4526868164539337,0.15
2,5601,0.4446736931800842,16,0.413339763879776,0.45020321011543274,0.15
2,5594,0.44263229966163636,17,0.3929987549781799,0.45139116048812866,0.15
2,4505,0.44092699438333505,18,0.3918533623218536,0.44958704710006714,0.15
2,3592,0.43566624224185946,19,0.4334173202514648,0.43606311082839966,0.15
2,3845,0.4331602618098259,20,0.4082517623901367,0.43755587935447693,0.15
2,4674,0.4290058821439743,21,0.4315770268440246,0.42855215072631836,0.15
2,4592,0.4277603685855865,22,0.4798578023910522,0.4185667037963867,0.15
2,3570,0.41234513372182846,23,0.4739693403244018,0.40147027373313904,0.15
2,4461,0.4046081393957138,24,0.4764674007892608,0.3919270932674408,0.15
2,3067,0.39067216217517853,25,0.4494081437587738,0.38030698895454407,0.15
2,4586,0.3880861431360244,26,0.4397510588169098,0.3789688050746918,0.15
2,5600,0.38417663276195524,27,0.3972088694572449,0.3818768262863159,0.15
2,3379,0.3812949910759926,28,0.4102676510810852,0.3761821687221527,0.15
2,5611,0.3791670948266983,29,0.4290434718132019,0.3703653812408447,0.15
2,3782,0.36497380435466764,30,0.3960515260696411,0.3594895005226135,0.15
2,3554,0.3645067438483238,31,0.4124197661876678,0.356051504611969,0.15
2,4271,0.3640996992588043,32,0.4722703695297241,0.34501075744628906,0.15
2,5599,0.36176346242427826,33,0.4420498609542846,0.3475952744483948,0.15
2,4510,0.3607740983366966,34,0.444819837808609,0.34594249725341797,0.15
2,4318,0.3593727812170982,35,0.4094869494438171,0.35052910447120667,0.15
2,4682,0.3549006417393684,36,0.4546681642532348,0.3372946083545685,0.15
2,3780,0.35198737531900404,37,0.3953704833984375,0.3443315327167511,0.15
2,4681,0.34888750016689296,38,0.4117418527603149,0.33779555559158325,0.15
2,4675,0.3429999426007271,39,0.4541975557804107,0.3233768343925476,0.15
2,5503,0.3411952778697014,40,0.5243445634841919,0.30887481570243835,0.15
2,3549,0.33352108597755425,41,0.4809933006763458,0.307496577501297,0.15
2,3147,0.3265273734927177,42,0.4237742125988006,0.3093661665916443,0.15
2,5602,0.32437722533941266,43,0.4002626240253448,0.3109856843948364,0.15
2,4676,0.32362006157636636,44,0.3957257270812988,0.31089553236961365,0.15
2,4591,0.3220685020089149,45,0.4568556547164917,0.29828253388404846,0.15
2,5391,0.31419248133897776,46,0.4170330762863159,0.29604414105415344,0.15
2,5300,0.3140914231538773,47,0.41554856300354,0.29618722200393677,0.15
2,3836,0.3112929448485374,48,0.4145985841751098,0.2930625379085541,0.15
2,5082,0.3052308261394501,49,0.3967324495315552,0.28908348083496094,0.15
2,4376,0.28575331866741177,50,0.4744811356067657,0.2524484097957611,0.15
3,3743,0.8147255435585975,1,0.3257307708263397,0.9010187387466431,0.15
3,4598,0.6974390119314193,2,0.2647229433059692,0.7738006711006165,0.15
3,5525,0.5810958713293075,3,0.3009877204895019,0.6305267214775085,0.15
3,3740,0.5765521578490734,4,0.2473665624856948,0.6346437335014343,0.15
3,4136,0.5128629714250564,5,0.2943716049194336,0.551420271396637,0.15
3,5421,0.5016979724168777,6,0.2736228108406067,0.541946530342102,0.15
3,5145,0.465733153373003,7,0.2412647455930709,0.5053452253341675,0.15
3,4497,0.4651281386613846,8,0.2714659571647644,0.49930381774902344,0.15
3,5426,0.4446924231946468,9,0.2379826158285141,0.4811706244945526,0.15
3,4599,0.40344832539558406,10,0.2451517581939697,0.43138301372528076,0.15
3,4133,0.37906379997730255,11,0.2542068064212799,0.4010973870754242,0.15
3,3747,0.3724679514765739,12,0.2663208246231079,0.3911997973918915,0.15
3,4925,0.35117442831397055,13,0.2374337762594223,0.3712463080883026,0.15
3,3726,0.2629588782787323,14,0.2577022910118103,0.2638865113258362,0.15
3,4134,0.2552045442163944,15,0.2424672096967697,0.2574523091316223,0.15
3,5230,0.2407117798924446,16,0.2413356304168701,0.24060168862342834,0.15
3,3385,0.23610116988420485,17,0.3129677772521972,0.22253647446632385,0.15
3,2965,0.21626544669270514,18,0.2521459460258484,0.2099335938692093,0.15
3,5607,0.21445819959044454,19,0.2947441041469574,0.20029009878635406,0.15
3,5225,0.20652353987097738,20,0.2720145583152771,0.19496630132198334,0.15
3,5147,0.20566364526748654,21,0.277752161026001,0.19294214248657227,0.15
3,3380,0.2021619029343128,22,0.2481347620487213,0.19404904544353485,0.15
3,2911,0.2020916186273098,23,0.3482040762901306,0.1763070672750473,0.15
3,5228,0.19872934743762016,24,0.2786976397037506,0.1846172958612442,0.15
3,4508,0.19096690043807027,25,0.2405773550271988,0.18221211433410645,0.15
3,3730,0.18980255499482154,26,0.2689358294010162,0.17583785951137543,0.15
3,2962,0.1877448044717312,27,0.2399157136678695,0.17853817343711853,0.15
3,3379,0.17870943695306776,28,0.255664199590683,0.1651291847229004,0.15
3,3051,0.16237143501639364,29,0.2628248333930969,0.1446443647146225,0.15
3,3148,0.1550644926726818,30,0.3145823776721954,0.12691427767276764,0.15
3,4323,0.15377849712967873,31,0.2497410178184509,0.13684393465518951,0.15
3,5532,0.12534753903746604,32,0.2832515239715576,0.09748212993144989,0.15
3,3141,0.12239775992929935,33,0.2708449959754944,0.09620118886232376,0.15
3,3191,0.12139165103435515,34,0.260623425245285,0.09682133793830872,0.15
3,2955,0.12096639275550841,35,0.3583159446716308,0.07908117771148682,0.15
3,3386,0.1205070775002241,36,0.2692053914070129,0.09426619857549667,0.15
3,3534,0.11631977409124375,37,0.317964643239975,0.08073538541793823,0.15
3,5363,0.11626674830913541,38,0.2820852398872375,0.0870046615600586,0.15
3,5424,0.11574237905442714,39,0.291274219751358,0.08476617187261581,0.15
3,3545,0.11534584537148476,40,0.2576199769973755,0.09023864567279816,0.15
3,2974,0.1144677072763443,41,0.2909344434738159,0.08332651853561401,0.15
3,3586,0.11040749400854111,42,0.2617231011390686,0.08370473980903625,0.15
3,5332,0.10990015380084514,43,0.2725310027599334,0.08120059221982956,0.15
3,3576,0.10962683111429213,44,0.2413297146558761,0.08638514578342438,0.15
3,4282,0.1088509675115347,45,0.2459469586610794,0.08465755730867386,0.15
3,5306,0.10849851965904236,46,0.2405112385749817,0.085202157497406,0.15
3,4274,0.10635071173310279,47,0.2971754968166351,0.07267574965953827,0.15
3,3752,0.10580470412969589,48,0.2566739618778229,0.07918071746826172,0.15
3,4287,0.10540349110960959,49,0.2657173573970794,0.07711280882358551,0.15
3,2912,0.10522380992770194,50,0.2459483593702316,0.080390065908432,0.15
4,3184,0.6004448771476746,1,0.515504002571106,0.657072126865387,0.4
4,4570,0.5642597675323486,2,0.6166971325874329,0.5293015241622925,0.4
4,3094,0.5453306198120117,3,0.5145919322967529,0.5658230781555176,0.4
4,5157,0.5343113303184509,4,0.551666796207428,0.5227410197257996,0.4
4,4019,0.5329757332801819,5,0.5541306734085083,0.5188724398612976,0.4
4,3412,0.5270583987236023,6,0.5460108518600464,0.5144234299659729,0.4
4,5081,0.5185053288936615,7,0.5690495371818542,0.48480919003486633,0.4
4,4952,0.5076027512550354,8,0.5702536106109619,0.4658355116844177,0.4
4,4673,0.4864619016647339,9,0.6783115863800049,0.3585621118545532,0.4
4,5503,0.4801184833049774,10,0.5693998336791992,0.4205975830554962,0.4
4,5510,0.4540223181247711,11,0.5646899938583374,0.38024386763572693,0.4
4,5160,0.445839273929596,12,0.5546127557754517,0.37332361936569214,0.4
4,5587,0.43405251502990727,13,0.6200931072235107,0.3100254535675049,0.4
4,5087,0.4263400852680206,14,0.5140358209609985,0.367876261472702,0.4
4,5393,0.41537821888923643,15,0.5270459651947021,0.34093305468559265,0.4
4,5591,0.41233596205711365,16,0.550358772277832,0.3203207552433014,0.4
4,3572,0.36174938678741453,17,0.5173623561859131,0.2580074071884155,0.4
4,5611,0.36129859685897825,18,0.5170535445213318,0.2574619650840759,0.4
4,5585,0.3539694488048553,19,0.6514660716056824,0.15563836693763733,0.4
4,3570,0.3526069283485413,20,0.5843073725700378,0.1981399655342102,0.4
4,3067,0.34494148492813115,21,0.5369217395782471,0.21695464849472046,0.4
4,5588,0.33164846897125244,22,0.5465788841247559,0.1883615255355835,0.4
4,3409,0.3294352173805237,23,0.5724085569381714,0.16745299100875854,0.4
4,4675,0.32818402796983714,24,0.6350893974304199,0.1235804483294487,0.4
4,4592,0.3193451911211014,25,0.5818970203399658,0.14431063830852509,0.4
4,4682,0.3176588013768196,26,0.6118698120117188,0.12151812762022018,0.4
4,4318,0.31629585921764375,27,0.5540855526924133,0.15776939690113068,0.4
4,2974,0.3145673245191574,28,0.5183993577957153,0.17867930233478546,0.4
4,5343,0.31234970986843114,29,0.53666090965271,0.16280891001224518,0.4
4,4461,0.3084359377622604,30,0.5311920642852783,0.15993185341358185,0.4
4,5602,0.3073717474937439,31,0.5189709663391113,0.16630560159683228,0.4
4,2980,0.30313056111335757,32,0.5339421033859253,0.14925619959831238,0.4
4,4390,0.3007033795118332,33,0.5302890539169312,0.14764626324176788,0.4
4,3548,0.2984040856361389,34,0.5144648551940918,0.15436357259750366,0.4
4,4376,0.2981370016932488,35,0.6421765089035034,0.06877733021974564,0.4
4,4271,0.2977146655321121,36,0.6208940744400024,0.08226172626018524,0.4
4,5581,0.29737368077039716,37,0.6380042433738708,0.07028663903474808,0.4
4,5300,0.29624770283699037,38,0.5982058048248291,0.09494230151176453,0.4
4,5363,0.29300596117973327,39,0.6305946707725525,0.06794682145118713,0.4
4,3549,0.2897367551922798,40,0.5917630791664124,0.08838587254285812,0.4
4,5592,0.2854726552963257,41,0.5118184089660645,0.1345754861831665,0.4
4,5082,0.2847155526280403,42,0.534494161605835,0.11819647997617722,0.4
4,4081,0.27992560118436816,43,0.5741835236549377,0.08375365287065506,0.4
4,4586,0.2786528065800667,44,0.5445479154586792,0.10138940066099167,0.4
4,5504,0.2740624934434891,45,0.5898538827896118,0.06353490054607391,0.4
4,4895,0.2740005418658257,46,0.5341552495956421,0.10056407004594803,0.4
4,5605,0.26567789614200593,47,0.5673455595970154,0.06456612050533295,0.4
4,5397,0.26453292071819307,48,0.564186155796051,0.0647640973329544,0.4
4,4389,0.25983105450868604,49,0.58272385597229,0.04456918686628342,0.4
4,3554,0.25655148178339005,50,0.5235300064086914,0.0785657986998558,0.4
5,3372,0.5882761955261231,1,0.4291079044342041,0.6943883895874023,0.4
5,3272,0.5813129782676697,2,0.4627372920513153,0.6603634357452393,0.4
5,3274,0.5723371505737305,3,0.4412862062454223,0.6597044467926025,0.4
5,3278,0.5457571387290955,4,0.4462067186832428,0.6121240854263306,0.4
5,3264,0.5105086326599121,5,0.4048717617988586,0.5809332132339478,0.4
5,3017,0.49134601354598995,6,0.2847363650798797,0.6290857791900635,0.4
5,3262,0.49066342115402223,7,0.3906638920307159,0.5573297739028931,0.4
5,3829,0.4813103318214417,8,0.6442204117774963,0.3727036118507385,0.4
5,3266,0.4807578444480896,9,0.3063835203647613,0.5970073938369751,0.4
5,3015,0.4742029309272766,10,0.3721211850643158,0.5422574281692505,0.4
5,3906,0.4653388142585754,11,0.3221988677978515,0.5607654452323914,0.4
5,2885,0.4374178647994995,12,0.2895113825798034,0.5360221862792969,0.4
5,3371,0.38916222453117366,13,0.3596933484077453,0.4088081419467926,0.4
5,3981,0.3601827085018158,14,0.3332591950893402,0.3781317174434662,0.4
5,3013,0.351524543762207,15,0.2768480181694031,0.40130889415740967,0.4
5,4176,0.31557824015617364,16,0.2505552172660827,0.358926922082901,0.4
5,3628,0.30799543857574463,17,0.3461585342884063,0.28255337476730347,0.4
5,3997,0.2820052862167358,18,0.2990071475505829,0.27067071199417114,0.4
5,5117,0.2707567363977432,19,0.3148285150527954,0.24137555062770844,0.4
5,3939,0.26838019490242004,20,0.2649171948432922,0.27068886160850525,0.4
5,3921,0.2655198335647583,21,0.257035881280899,0.2711758017539978,0.4
5,4981,0.2614732205867767,22,0.2557504773139953,0.265288382768631,0.4
5,4009,0.259690260887146,23,0.2551076710224151,0.26274532079696655,0.4
5,3138,0.24959831833839413,24,0.2930907309055328,0.22060337662696838,0.4
5,3512,0.23542821109294887,25,0.2915679812431335,0.1980016976594925,0.4
5,3835,0.23241480588912966,26,0.2972819209098816,0.18917006254196167,0.4
5,3899,0.2266864776611328,27,0.2588431239128113,0.20524871349334717,0.4
5,3893,0.22191934287548065,28,0.2679864168167114,0.19120796024799347,0.4
5,4522,0.21996628046035765,29,0.3187934160232544,0.1540815234184265,0.4
5,3625,0.20996880233287807,30,0.3104072213172912,0.14300985634326935,0.4
5,3705,0.20831375420093537,31,0.2832324206829071,0.15836797654628754,0.4
5,3888,0.20766620337963101,32,0.3067473173141479,0.14161212742328644,0.4
5,3129,0.20391544699668884,33,0.2645683288574219,0.16348019242286682,0.4
5,3270,0.20253771245479582,34,0.2818166315555572,0.1496850997209549,0.4
5,3681,0.20155053734779357,35,0.3095701038837433,0.12953749299049377,0.4
5,5240,0.20136703848838805,36,0.2782982289791107,0.15007957816123962,0.4
5,4518,0.20106866359710696,37,0.272961288690567,0.15314024686813354,0.4
5,4585,0.19920929074287413,38,0.265240341424942,0.15518859028816223,0.4
5,3674,0.18509882390499116,39,0.2535771131515503,0.13944663107395172,0.4
5,5116,0.18497371077537536,40,0.3248353004455566,0.09173265099525452,0.4
5,4885,0.1810888320207596,41,0.2483321875333786,0.13625992834568024,0.4
5,3110,0.1806497722864151,42,0.2548542022705078,0.13118015229701996,0.4
5,5276,0.17941386401653286,43,0.2608016431331634,0.12515534460544586,0.4
5,3131,0.17408137023448944,44,0.24746835231781,0.1251567155122757,0.4
5,3115,0.1545269079506397,45,0.3490779101848602,0.02482623979449272,0.4
5,5242,0.1523139700293541,46,0.35084068775177,0.019962824881076813,0.4
5,4546,0.1485076729208231,47,0.3356356024742126,0.023755719885230064,0.4
5,3118,0.14814072716981175,48,0.3470979332923889,0.015502589754760265,0.4
5,4543,0.13944089617580177,49,0.3595106601715088,-0.007272279821336269,0.4
5,3319,0.13900066167116165,50,0.3265959918498993,0.013937108218669891,0.4
6,4593,0.473848620057106,1,0.2657378911972046,0.5105740427970886,0.15
6,3528,0.4402828514575958,2,0.2805277705192566,0.4684749245643616,0.15
6,2927,0.3825244680047035,3,0.2708072960376739,0.40223926305770874,0.15
6,3833,0.29992214739322665,4,0.3672713041305542,0.2880370020866394,0.15
6,4811,0.29495666548609734,5,0.2435723394155502,0.30402448773384094,0.15
6,4404,0.25865596532821655,6,0.3028764724731445,0.2508523464202881,0.15
6,3512,0.22514406889677047,7,0.4237687587738037,0.19009265303611755,0.15
6,4577,0.18738646656274793,8,0.2502052783966064,0.1763007938861847,0.15
6,3074,0.176434638351202,9,0.2166831046342849,0.16933196783065796,0.15
6,4672,0.16641541272401808,10,0.2161732614040374,0.15763461589813232,0.15
6,5243,0.16359653249382972,11,0.2256745994091034,0.15264157950878143,0.15
6,5337,0.15953750684857368,12,0.3231871128082275,0.13065816462039948,0.15
6,5100,0.15124192684888838,13,0.2606773972511291,0.13192978501319885,0.15
6,5172,0.13906678296625613,14,0.2820064425468445,0.11384213715791702,0.15
6,5105,0.13233488015830516,15,0.2239052355289459,0.11617540568113327,0.15
6,4008,0.12372589632868766,16,0.2404673993587494,0.1031244546175003,0.15
6,2871,0.11879963502287863,17,0.2830364108085632,0.08981667459011078,0.15
6,5174,0.11818828284740449,18,0.250560462474823,0.09482848644256592,0.15
6,2879,0.11177009493112564,19,0.2704735696315765,0.08376359939575195,0.15
6,5275,0.1088430546224117,20,0.3076124787330627,0.07376609742641449,0.15
6,2861,0.10858020856976508,21,0.2364623844623565,0.08601276576519012,0.15
6,5096,0.10768072903156281,22,0.2207917422056198,0.08771996200084686,0.15
6,3705,0.10404784604907036,23,0.2645272314548492,0.07572795450687408,0.15
6,4647,0.0993807565420866,24,0.223220095038414,0.07752675563097,0.15
6,2908,0.08888984322547912,25,0.294165164232254,0.05266478657722473,0.15
6,3950,0.08881621211767196,26,0.2578087747097015,0.05899399518966675,0.15
6,4434,0.08863865546882152,27,0.2608092725276947,0.05825560539960861,0.15
6,5108,0.08303927592933177,28,0.3111641705036163,0.04278194159269333,0.15
6,5287,0.08006716202944517,29,0.237646609544754,0.05225902423262596,0.15
6,3828,0.08000083081424236,30,0.2648535966873169,0.0473797544836998,0.15
6,5101,0.07941377349197865,31,0.2573571801185608,0.04801199585199356,0.15
6,3827,0.07458202131092548,32,0.3407212793827057,0.027616269886493683,0.15
6,4578,0.07163057532161474,33,0.2372584342956543,0.042402129620313644,0.15
6,2881,0.07154259588569402,34,0.2651001214981079,0.03738538548350334,0.15
6,2880,0.0697404284030199,35,0.2669704854488373,0.0349351242184639,0.15
6,3831,0.06851194277405737,36,0.2126163095235824,0.04308176040649414,0.15
6,3557,0.06707059629261493,37,0.2508453726768493,0.03463975340127945,0.15
6,2859,0.06659476049244403,38,0.2746873199939728,0.02987254410982132,0.15
6,3623,0.06419936716556549,39,0.2251947522163391,0.03578841686248779,0.15
6,3388,0.06413585413247347,40,0.2375602424144745,0.0335315503180027,0.15
6,4739,0.062461931188590815,41,0.4167717099189758,-6.332388147711754e-05,0.15
6,5430,0.06212344728410243,42,0.213546797633171,0.03540167957544327,0.15
6,5110,0.06085063628852366,43,0.2384296804666519,0.029513157904148102,0.15
6,4746,0.06055495431646703,44,0.2293677628040313,0.03076445870101452,0.15
6,3516,0.05819129748269915,45,0.2738192975521087,0.0201392974704504,0.15
6,3822,0.05756214326247572,46,0.2133991420269012,0.030061496421694756,0.15
6,4643,0.05428024847060442,47,0.2532302737236023,0.019171420484781265,0.15
6,4016,0.053177360352128736,48,0.2373926043510437,0.020668787881731987,0.15
6,2855,0.05207073567435145,49,0.2451381683349609,0.018000012263655663,0.15
6,3829,0.05146634830161928,50,0.2242747247219085,0.020970752462744713,0.15
7,3979,0.40674765855073924,1,0.3631688356399536,0.41443803906440735,0.15
7,4814,0.2335077956318855,2,0.4300404191017151,0.19882556796073914,0.15
7,4813,0.22996969968080522,3,0.3959769904613495,0.20067429542541504,0.15
7,4583,0.20514620691537855,4,0.3735025823116302,0.17543625831604004,0.15
7,4308,0.19437771514058114,5,0.3442567586898803,0.16792847216129303,0.15
7,3991,0.14970184862613678,6,0.3502659797668457,0.1143081784248352,0.15
7,4208,0.12768810987472534,7,0.4715767502784729,0.06700187921524048,0.15
7,4737,0.12693870961666107,8,0.3443879187107086,0.08856531977653503,0.15
7,4307,0.11857260242104531,9,0.3965480923652649,0.06951810419559479,0.15
7,3516,0.11624213457107542,10,0.4682053923606872,0.05413097143173218,0.15
7,4734,0.11244170218706132,11,0.5035927891731262,0.04341503977775574,0.15
7,3504,0.10640952512621879,12,0.4387712180614471,0.04775746166706085,0.15
7,4742,0.0917170327156782,13,0.4158239662647247,0.034521691501140594,0.15
7,3932,0.09081039559096096,14,0.3409299254417419,0.046671655029058456,0.15
7,3815,0.09008384514600037,15,0.3946861624717712,0.03633049502968788,0.15
7,3640,0.08910223562270403,16,0.3705858588218689,0.03942865505814552,0.15
7,3978,0.0881806394085288,17,0.4857389330863952,0.0180232934653759,0.15
7,3512,0.08675043899565935,18,0.5321894884109497,0.008143547922372818,0.15
7,4005,0.08378632124513388,19,0.4207743704319,0.024317841976881027,0.15
7,4815,0.08283652095124125,20,0.4054973423480987,0.025896375998854637,0.15
7,3918,0.08211548794060945,21,0.4344519078731537,0.019938472658395767,0.15
7,3621,0.08144773039966821,22,0.3467315435409546,0.03463293984532356,0.15
7,3529,0.0765183713287115,23,0.4164278209209442,0.01653435081243515,0.15
7,4972,0.0761597114149481,24,0.5056091547012329,0.0003745155408978462,0.15
7,4310,0.0761013451963663,25,0.3559266328811645,0.026720412075519562,0.15
7,3514,0.07439553667791188,26,0.5095459818840027,-0.0023957183584570885,0.15
7,4012,0.07405805368907749,27,0.4169355928897857,0.01355025265365839,0.15
7,4973,0.07381979357451199,28,0.4101116061210632,0.014474179595708847,0.15
7,5263,0.07288642483763395,29,0.4634192287921905,0.00396887119859457,0.15
7,3522,0.07234881876502185,30,0.4424194693565368,0.007042233366519213,0.15
7,4582,0.07215703213587403,31,0.4834561944007873,-0.00042517296969890594,0.15
7,3954,0.07202663030475377,32,0.3907375335693359,0.015783529728651047,0.15
7,4745,0.07165982741862535,33,0.3850416243076324,0.01635715737938881,0.15
7,4520,0.07097822539508342,34,0.4119084775447845,0.010814063251018524,0.15
7,3987,0.0700780010316521,35,0.4020242393016815,0.0114992531016469,0.15
7,4739,0.07007590169087052,36,0.4589096307754516,0.0014581847935914993,0.15
7,3947,0.07006744202226399,37,0.389352798461914,0.013722967356443405,0.15
7,3517,0.06816210555844009,38,0.3732815980911255,0.014317489229142666,0.15
7,4007,0.06677653491497039,39,0.3389786779880523,0.018740862607955933,0.15
7,3521,0.06669510612264275,40,0.4305323958396911,0.0024885255843400955,0.15
7,3927,0.06496274280361831,41,0.3930615782737732,0.0070629483088850975,0.15
7,4578,0.06447999817319214,42,0.3752867579460144,0.00963174644857645,0.15
7,4577,0.06346184988506139,43,0.3697558641433716,0.009409965015947819,0.15
7,3060,0.0622139940969646,44,0.3547053337097168,0.010597875341773033,0.15
7,4309,0.061724180891178544,45,0.4079335629940033,0.0006284075789153576,0.15
7,4313,0.061521837115287775,46,0.3548144698143005,0.009764313697814941,0.15
7,3930,0.061142415530048316,47,0.4318488836288452,-0.004276372957974672,0.15
7,3993,0.06099932310171424,48,0.333720713853836,0.012872018851339817,0.15
7,4200,0.06079384633339942,49,0.3668314218521118,0.006787215359508991,0.15
7,3981,0.06067105450201779,50,0.4242650270462036,-0.003492587711662054,0.15
8,4539,0.5862821459770202,1,0.5569984316825867,0.6058046221733093,0.4
8,5454,0.5600399017333985,2,0.3818078637123108,0.6788612604141235,0.4
8,4538,0.5581903100013733,3,0.3380003869533539,0.7049835920333862,0.4
8,3071,0.5581617593765258,4,0.4177814126014709,0.6517486572265625,0.4
8,4234,0.5498642325401306,5,0.4110302329063415,0.64242023229599,0.4
8,4618,0.5471177458763122,6,0.3884771168231964,0.6528781652450562,0.4
8,3359,0.5431739449501037,7,0.4165326952934265,0.6276014447212219,0.4
8,4536,0.5302559018135071,8,0.4124262630939483,0.6088089942932129,0.4
8,5457,0.5301369905471802,9,0.4041856229305267,0.6141045689582825,0.4
8,5462,0.5289720177650452,10,0.4482308030128479,0.58279949426651,0.4
8,3360,0.5270830750465393,11,0.3244732618331909,0.6621562838554382,0.4
8,5452,0.5222602844238281,12,0.3789063692092895,0.6178295612335205,0.4
8,3368,0.5170855402946472,13,0.364224374294281,0.6189929842948914,0.4
8,4623,0.5026952862739563,14,0.409382164478302,0.5649040341377258,0.4
8,3077,0.48706985712051387,15,0.3520893156528473,0.577056884765625,0.4
8,3365,0.4802697420120239,16,0.3745031952857971,0.5507807731628418,0.4
8,3423,0.4713238716125488,17,0.3406239748001098,0.5584571361541748,0.4
8,4625,0.46404432058334344,18,0.3109975457191467,0.5660755038261414,0.4
8,4622,0.4378392934799194,19,0.2753042578697204,0.5461959838867188,0.4
8,3364,0.4278191566467285,20,0.3255696296691894,0.4959855079650879,0.4
8,4540,0.4269063293933868,21,0.391735166311264,0.4503537714481354,0.4
8,4242,0.4222648322582245,22,0.3777949512004852,0.45191141963005066,0.4
8,5456,0.4103434205055237,23,0.3290112614631653,0.46456485986709595,0.4
8,3356,0.4084730625152588,24,0.275634229183197,0.4970322847366333,0.4
8,3357,0.40783923864364624,25,0.4279584884643554,0.3944264054298401,0.4
8,4238,0.40494117736816404,26,0.3386449813842773,0.4491386413574219,0.4
8,5459,0.40290652513504027,27,0.3604335486888885,0.4312218427658081,0.4
8,2841,0.4019321084022522,28,0.4900419414043426,0.3431922197341919,0.4
8,5458,0.39959491491317745,29,0.3768173456192016,0.4147799611091614,0.4
8,4237,0.39690359830856325,30,0.3307746648788452,0.44098955392837524,0.4
8,4502,0.3881239652633667,31,0.3331829905509949,0.42475128173828125,0.4
8,4236,0.38740745186805725,32,0.3282172679901123,0.4268675744533539,0.4
8,5464,0.3850721776485443,33,0.3807243704795837,0.3879707157611847,0.4
8,3369,0.38118123412132265,34,0.3562620282173157,0.39779403805732727,0.4
8,5355,0.37779934406280513,35,0.2740305066108703,0.4469785690307617,0.4
8,4247,0.37069204449653625,36,0.3568383455276489,0.3799278438091278,0.4
8,4240,0.3693324625492096,37,0.342210590839386,0.38741371035575867,0.4
8,4243,0.36589428782463074,38,0.3202767968177795,0.39630594849586487,0.4
8,4246,0.36546611189842226,39,0.3548160791397095,0.3725661337375641,0.4
8,4537,0.36542605161666863,40,0.3770458102226257,0.357679545879364,0.4
8,4239,0.3579765260219574,41,0.3877991139888763,0.3380948007106781,0.4
8,4241,0.3532151162624359,42,0.3472664058208465,0.3571809232234955,0.4
8,5460,0.348906147480011,43,0.2957198023796081,0.38436371088027954,0.4
8,4244,0.34102208018302915,44,0.2839869260787964,0.3790455162525177,0.4
8,3078,0.33507262468338017,45,0.3723892867565155,0.31019484996795654,0.4
8,5461,0.3255097687244415,46,0.3117151856422424,0.3347061574459076,0.4
8,3422,0.3245242416858673,47,0.3033825159072876,0.3386187255382538,0.4
8,5463,0.32267938256263734,48,0.4163498282432556,0.26023241877555847,0.4
8,5350,0.32192877531051634,49,0.2864874601364136,0.3455563187599182,0.4
8,3741,0.3123457729816437,50,0.3982019424438476,0.2551083266735077,0.4
9,4332,0.9049267023801804,1,0.5748260021209717,0.9631797671318054,0.15
9,3413,0.9005037009716034,2,0.5473999977111816,0.9628161191940308,0.15
9,4774,0.8844510525465011,3,0.5418416261672974,0.944911539554596,0.15
9,4782,0.8788336753845215,4,0.476311445236206,0.9498670101165771,0.15
9,3414,0.868730741739273,5,0.5028003454208374,0.9333066940307617,0.15
9,5024,0.8625864923000335,6,0.4772124886512756,0.9305936694145203,0.15
9,3652,0.8569360554218292,7,0.4824991822242737,0.9230131506919861,0.15
9,3419,0.8565645322203637,8,0.4216527640819549,0.9333136677742004,0.15
9,5023,0.8544674187898635,9,0.4831200838088989,0.9199993014335632,0.15
9,5206,0.8478685289621353,10,0.529775083065033,0.9040026664733887,0.15
9,4339,0.8315400704741478,11,0.4948590099811554,0.8909543752670288,0.15
9,4338,0.8295635730028152,12,0.3770157098770141,0.9094249606132507,0.15
9,4780,0.8265968143939972,13,0.4448217749595642,0.8939688801765442,0.15
9,4778,0.8235224768519401,14,0.3138409554958343,0.9134662747383118,0.15
9,3415,0.8081864163279533,15,0.3909384310245514,0.881818413734436,0.15
9,3651,0.8034578263759613,16,0.3890687823295593,0.8765853047370911,0.15
9,4334,0.7965930625796318,17,0.4606471359729767,0.8558776378631592,0.15
9,4335,0.793641972541809,18,0.3716878890991211,0.8681044578552246,0.15
9,4773,0.7928193122148514,19,0.3337096571922302,0.8738386631011963,0.15
9,4781,0.790880435705185,20,0.3602067828178406,0.8668816685676575,0.15
9,4769,0.7756866544485091,21,0.4844924211502075,0.827073872089386,0.15
9,5033,0.7747164979577064,22,0.412242978811264,0.8386824131011963,0.15
9,5214,0.7727466568350791,23,0.4283002316951751,0.8335313200950623,0.15
9,5027,0.7647182837128639,24,0.3839658200740814,0.8319098949432373,0.15
9,5207,0.7620612651109695,25,0.5070576071739197,0.8070619106292725,0.15
9,5212,0.7615974739193916,26,0.4606898725032806,0.8146988153457642,0.15
9,5021,0.7554632902145385,27,0.5405058860778809,0.7933969497680664,0.15
9,3417,0.7507454216480255,28,0.4353083372116089,0.8064107894897461,0.15
9,5028,0.7378792107105254,29,0.459341287612915,0.787032961845398,0.15
9,5211,0.732602860033512,30,0.4309289157390594,0.7858394384384155,0.15
9,4771,0.7311508595943451,31,0.4462931156158447,0.7814198732376099,0.15
9,4776,0.7187175065279007,32,0.3718771338462829,0.7799246311187744,0.15
9,5029,0.7171954125165939,33,0.3833782076835632,0.7761043310165405,0.15
9,4333,0.7169674724340438,34,0.4973514676094055,0.755723237991333,0.15
9,3317,0.7040406942367553,35,0.4501439929008484,0.7488459944725037,0.15
9,4336,0.7035177439451218,36,0.3120253086090088,0.7726046442985535,0.15
9,5213,0.6960617229342461,37,0.3984400331974029,0.748583197593689,0.15
9,5210,0.6861581176519393,38,0.462739884853363,0.725584864616394,0.15
9,4779,0.6717541798949241,39,0.4345013201236725,0.7136223316192627,0.15
9,3320,0.6633064165711402,40,0.451893538236618,0.7006145715713501,0.15
9,5032,0.6631000280380249,41,0.305208683013916,0.72625732421875,0.15
9,4770,0.6613411426544189,42,0.4161503314971924,0.7046101093292236,0.15
9,4772,0.6601889282464981,43,0.3921338319778442,0.7074927687644958,0.15
9,5205,0.6580538421869278,44,0.5076074004173279,0.684603214263916,0.15
9,3321,0.6386754363775253,45,0.338555634021759,0.6916377544403076,0.15
9,5031,0.6383180469274521,46,0.363542377948761,0.6868078708648682,0.15
9,3649,0.6342499434947967,47,0.3690749406814575,0.6810455322265625,0.15
9,5022,0.63030706346035,48,0.4585251212120056,0.6606215238571167,0.15
9,4337,0.6256636053323745,49,0.2531641721725464,0.6913987994194031,0.15
9,4784,0.6249264538288116,50,0.3971420526504516,0.665123701095581,0.15
